order_uuid,payment_status
7d9a28f7-418b-4e8a-9ab3-68bf5deba724,success
f70a0b8c-f6cd-4876-b21b-33ee76d2d993,failure
5507582b-992f-4eb0-97e6-6d4b5d66b06c,success
c48a1e2e-06cf-4cb5-b697-0c695227b450,success
1d83bf09-4c3a-458f-91c3-bb27c475ede8,failure
4a9d5d35-012c-46c2-ae39-c912fc4146a4,failure
777ba47e-acbc-4c74-ac90-cf227d8e48dc,failure
ee623477-87fb-4314-a37e-6b5584af5af7,failure
a0ac1a9c-1a08-4e44-a231-a52d340b620f,success
cb29203e-2786-4f07-acae-79849ae661ec,success
ccfe119f-6196-42c4-adfb-0ddba6eafa82,success
907811aa-1a96-43d9-82ed-47c47ad3ba16,failure
176e0cdf-3785-4c5a-9b7f-fb2daf046a75,success
fce58fce-64c9-49c9-b940-feee9c5b7062,success
d2b5f63d-5c5f-4a26-8df1-fd54f35e34c0,failure
98f7994d-e27d-499e-b26a-a3a14be396ee,success
b5307c29-6083-42f2-9261-f8616eb661b9,success
e832ddf0-437d-4c70-bf4f-099042f8d107,failure
be7866d8-506d-4b9b-8be0-fdc72203caa4,failure
a727afae-a271-4a4c-984c-8de3cdbf4fce,success
3cdd4b5e-dfe0-4ccb-abc3-26df2a0e5777,failure
da629c15-9c37-4ad0-8abb-945dcb312093,success
f60e84ca-819a-4fb5-aff9-a517e80a8526,failure
515b371e-3756-40da-a2ff-aa5803312607,failure
174bd505-4626-4d7d-bcbf-6db9d85ebbac,success
b0f525e1-42a7-4726-ba05-3569515f61aa,failure
5d93590c-7707-44c3-92ac-e20d4492e36b,failure
36fd4090-410a-4d81-8824-c606a2e7a54b,failure
649f4291-7372-4f5a-b5e1-e03f6880db82,failure
398cfd94-3cb5-4f1a-bf40-353fed57bdb8,failure
6d1db50e-3f31-4335-8ddb-57ad41e6ca16,failure
277220e5-03a9-4102-96fd-aefa4113348a,success
3b0e7b08-7ca4-4390-9175-1f74a96307e1,success
8cfb08a3-9ea9-48de-8fe0-d6b308643e60,success
61d7ab6b-14e3-4b64-8d21-0ad9071babc3,failure
ccd38fcf-fe8f-450a-9937-02f76044961b,failure
78e7b58d-1b59-4927-8af6-5a10be66aef0,failure
6d077087-cb96-4009-9454-c15ce4a65afb,failure
c53bcbf0-0bcd-4fd3-a7cc-61486cc1d804,failure
3db520ef-802b-4c50-af0e-ef20f27ef211,success
0d8a7074-c50f-4fcd-a3df-87ba064b517e,failure
d27b9ec6-ab65-4317-a413-eb37cf0c1347,success
58ec7522-597b-4a5c-a61d-be0c273b1575,failure
24514ab1-8be0-4ba9-965f-e86abfb33a82,failure
872ca223-f28a-42e8-a649-c3cf5813d7d4,failure
c20f97e5-9ad7-4db2-a852-4a3daa24d76f,success
485db45a-316d-443f-a155-a4a005b99cdd,success
1052311e-2a75-4136-ab38-2531da5b4fa2,success
a481d2c4-d9d6-48d9-a5cb-5aa35f4ed3eb,failure
189fc2a1-65e1-4e41-8330-454409a4ee2a,success
30d2f30a-e2e9-4775-9a44-c4b5c61f163d,success
c0ee45d9-10ec-4108-b5cd-3e5106345b0b,success
54f9e02a-b00e-43a5-a00d-6066c5b9604c,failure
2300acab-939e-4090-b76c-7d424e3c8aa2,failure
59ac49fa-06f1-4400-9141-4043c919adc1,failure
d9346522-8782-41eb-8892-33a69237dc80,failure
1494c7ed-6438-4676-9f45-d16acd72c546,success
c709792f-13a2-4367-a01d-456743468257,success
6cc89e63-743e-41c5-95a6-3ce3210be94f,success
92699707-8319-4931-93c3-04d5eda49a47,success
e6d39259-fa97-4f72-ba4a-1329e3320908,failure
67842883-3268-4c2d-96dc-8c7412412bf8,failure
75ea62b8-810b-4094-994c-9cc5b99e4ee9,failure
deacd7f2-c1fe-4da9-becf-14c41b6ae65b,success
a3f4e640-cf94-4906-8710-4a5ce669e60e,failure
8edd169b-2eb8-4a53-ac2e-0526c5246a5f,success
5df54608-4215-42ca-aa28-1ff04918a6eb,failure
22e92ad0-45e4-41f1-afdc-f3de9733fec3,success
3ae1b8e4-343c-4623-be80-4ffb4f526cc5,failure
04ad2c0d-0379-48ab-a0eb-3c4e40a320f1,failure
2bad7270-4a71-4550-98db-c95b9f9e137d,failure
7d7aed19-0269-4ed9-84f2-5b43b2c6e745,failure
f4455b1e-627c-419c-b7c7-4b3e5c119cec,success
76840c4e-021b-4045-967c-4efb6e5f5a1b,success
220ad755-249d-4629-bc95-96fecea14399,failure
035d39e1-0eff-4af0-be91-5b5db110e49b,success
f248b80a-53ea-4fd1-bdb9-a83f0f249c1b,failure
195aa300-4ad4-4164-824a-0b1ad3df3d71,success
5c039d4f-750e-4ccd-9c9d-b23b33ff3e43,success
f913571a-cfbb-4aa2-9c86-1851d43a387b,success
54301793-6226-4473-907e-7f78b2a708ca,success
739009b9-b520-45fa-98bd-a0a872b79770,failure
faf3f801-1f64-4ecc-a1b4-73473d057d3d,success
e2335377-18da-4d31-a36f-5baccd90ae60,success
d6a7fe3c-c65e-48a1-a931-240c7b07b5a4,failure
4804272b-6836-4b4b-a4ac-812e74ac7d31,failure
6fdb9de9-7547-460b-a72c-6b864d2dad61,failure
3e1b32c7-8fb8-413c-beee-9894b3136b4a,success
623e390b-b09b-41e1-85ad-c5ac687e6968,success
8e657949-144a-44a7-af9e-35faff06cb12,failure
bd67622e-480e-43ad-9c62-940dc2aa1543,failure
68b56e66-772f-4df4-8745-9a99ad68702b,failure
e8d7e6d0-fec5-4f73-8ef9-ea7fff3ed9e3,failure
652254ac-2199-4437-aafb-38c5aa0eaec8,failure
c8f9aa2e-a6b8-4178-b0b5-d4842381b1d1,failure
77417f89-78e2-4615-b5a3-56ff18be4519,success
8838d414-5594-4b1e-a224-d38004f1810b,failure
f174314b-59ec-4543-9d33-8e1ba23425e5,success
18fda526-4cad-4658-8469-af67d3d3effe,failure
b2f2ddaa-1ef2-4d82-89b6-94e415b335ae,success
9e4b1743-543c-4794-9688-dcaea3defd09,success
5a3bb460-3ae7-4391-9234-43728a54e9a5,failure
783ac414-1e96-40a0-8c54-eb3c4eded27f,failure
e49e9671-b78a-4a6e-b3f7-b29f2481b761,failure
1d76b34d-1a20-44a6-a07c-97bd4d263c5a,success
bd616635-d23d-49a5-b02e-bceb707043c7,success
033f5c4d-d116-4609-9c1a-b17b1c060f7f,success
c6a47af3-38d1-4dc4-b252-8bfa72773bce,failure
79b21865-2ce9-4404-85d2-047986959b90,success
ec1a4f0b-0856-4500-bff3-d491de596a7b,success
ad9a07e6-840c-44ca-b881-50d907fae248,success
9035e8f8-0b3f-4502-97e7-4ab11bcbdf52,success
b87e71eb-bf50-4ce7-8a94-d87d30560883,success
54c933ac-c164-457e-80a7-3a20ba872fad,success
576052e5-1efe-4d66-8b0a-9f0a0cbccf64,success
c2d6a6c2-200a-4902-94f9-a039365691cf,success
4203c031-9bc0-4d65-aa41-9638d0ea3022,success
5f7d82d5-c7ec-462b-ad8b-848dfae686ad,success
69b768d7-bb93-4f3e-b4d8-e58cf727efc5,failure
979cfee2-dc7d-496a-9b3e-67a496a4fee6,failure
703437fc-454c-4802-a0d0-1f3f1500ae38,success
8bdd3c0a-3448-4606-8047-1cd15c3147c9,failure
0abe81d5-b476-4241-a4de-75fb1b10138b,failure
9b2d3eca-5601-4e51-9035-9a0a2b674e90,failure
72537478-0ec6-4ab0-a9d5-07d1c88f6cd2,failure
45e445fa-c165-460d-9ee7-ab01b2e7cc35,success
e76ffec1-a9ec-499f-89a9-66966c097372,success
f0a971e7-9898-4b1d-bced-7e2f94974d98,failure
0455d504-3b2c-4815-bebc-9eb0e8df0a95,success
6dc60d39-2550-4776-8fd5-6b7cf4990ba3,failure
78058ff6-896c-4107-90e5-0bad4314c010,success
7b91b8f7-01bf-40db-a15c-91077219d829,success
7f92b5f4-d096-4c57-bc95-3d12646a9faa,failure
09ba28ce-bf65-43f5-b570-82ec665b966f,failure
dcd52e0e-5d43-4cc8-a28c-d73d1e2a9503,failure
f0da21e7-7726-4d59-ad4c-4118fb479f10,failure
a8ed5a16-759d-4997-96db-f5632287b5d5,failure
5e192023-951e-47e7-97f6-c04047f95e54,failure
837a7f8b-ade5-4208-8c1f-4653e6ed35a8,failure
5c8b33d2-c42a-4d1b-88c3-c466c886b5ad,success
cc3586a3-2ae9-4b1c-aaef-1719175662e8,failure
e051a68e-6879-4bb2-936b-cfe7cadaa105,success
6ee7858e-6fb1-437f-859d-630accda7d3e,success
f3f7530e-c0bc-4736-b781-aa8ba2de1066,failure
951282d3-0eb7-44cd-817f-5a2462db9e82,success
2be23b97-a4be-47c9-858c-072d0c392a31,failure
ca5aa18d-bbf4-4664-ad57-bc395578e0c7,success
230e5ed7-07b3-4e24-a7b0-899c5f400667,success
84d8ecf8-85be-4a61-b049-c57d1b07cc5d,failure
1af19b64-7a94-423c-afd8-49ddfe24abc2,success
d714fecc-16c1-457a-99b8-1f422274325f,success
332bf68c-d5bd-47ac-8a86-53dcf440a907,failure
8234941e-0b39-4df5-880a-fb87aa3cb74f,success
85685dde-f903-4be7-b1a1-615bf45f7c35,failure
8ab7e3c0-967f-48fb-82fc-383f9827d567,success
0877e918-7955-4dca-b584-217ce5af84ad,failure
2a754042-64b0-4900-b2ee-1320bcf14667,failure
fd715c97-0098-4209-9311-90d4d6f5f1c8,success
326d2341-62eb-435f-bd39-2f61d7beaad9,success
a63e7e9b-6c42-4549-b71a-ce9a7682e857,failure
edb289ce-1fb4-4be2-8c88-72687609de22,failure
bfb8d809-1918-445e-839c-b6ef82f21915,success
168c18e3-8236-4d1f-90b2-442ab3c18f90,success
db34c08c-d685-4fdb-b873-c90c3366e1a8,failure
bf61d299-9ab2-45c7-a625-956c692d1513,failure
31729d29-664c-46ff-89e8-dee9102e7b53,success
de09fadc-49f2-4461-8fba-1628e5f83c76,failure
de9ef1dd-9d56-4c82-ae1d-b00339ee91e5,failure
42855d33-7d36-4c2f-84c5-ed861a456a97,failure
ecae28f9-1a30-439e-9101-7f5cef112f1a,success
8eeeae24-676f-4ba7-998f-96184df48407,failure
5d956a13-ca95-4665-9ae8-334298fdc851,failure
2ddf701a-1058-4a87-b005-2f2f7819a1e3,success
76e9edb5-91c2-4639-bb0f-063d51c038c5,failure
66a5f905-2530-4fa5-95b2-52817a9297e2,failure
415e03cc-ca55-4126-b4a6-1cb85e8c0fb1,success
e1fb2f9b-91b0-46e5-b5ec-55928c2c1290,success
68c15fea-e89c-468f-b281-c7fd0c8d62ca,failure
2d155086-ef08-4fc9-98b2-7aad2669a4c0,success
de3f9252-fcc3-45e7-886b-b7402baaa03f,success
3eaca1b6-c14b-4aa5-bda0-dc9b63ff9f1b,success
99a3f32f-2fab-42d9-a1fd-8a2d01d54d41,success
7ae50ae1-03d2-44f1-8b7e-458715c59fcc,failure
e54a2b1d-4ee4-4730-b425-9c5c93dc40b2,failure
da8c8439-2d27-4fd7-931d-a16d1adf98fb,success
430cc83a-2f16-413d-b59c-034f4b8ef01c,success
e4484b2e-0c2a-4513-83b2-ff8e494ebe5a,failure
afca1934-769c-485d-a6b6-9bd84506661d,success
a3f6f4b0-368d-4fe5-b225-eeee2bc77f24,success
a2546410-193e-4818-a445-2d960b4c1edd,failure
f750a7f9-0bd4-44f9-bd4b-5d7e006d82de,failure
2ed7a276-8585-4ab0-b757-7b222fe5a350,success
50afa7e4-5f77-4414-adb2-1f90575fb10b,success
e2286620-857e-4595-8e85-8cb4f0881ff9,success
3dba222a-9583-4a16-8e02-a5c9f42160ce,success
b3755a67-3a05-4339-a0c1-b241c2cce519,failure
e141f8d8-3229-4555-9138-2c3cf3066aca,success
baccf75f-8e20-4938-b9da-70a922b97715,failure
d4765e73-d0c5-4939-be3d-f2e4abcd339c,failure
00abd3ad-8b3d-4579-ba6f-2e22c43bb299,success
653f8822-364d-4f29-8e0a-f165c8eb5379,failure
9b121383-fea2-4eac-ae5c-b6d77d01f1e6,success
e35fafe6-5ec2-4c7c-90ac-2d45f910d2bd,success
5271b498-b79c-414a-9626-0be328b05462,failure
ba97972d-1ac5-45b8-8849-fca4f1da2d39,failure
788bc54a-1f3d-4598-8402-bcd06ccadf74,success
01c19186-b7f2-406a-9b2e-76a3edf1fbf2,failure
b9d9d703-c051-446a-81c4-4c1a280f546a,success
ce5fd293-9b22-4734-b779-48d495496e78,success
a94dd284-9ab7-4d94-8dd5-a2a409a6a968,failure
3fb7dd15-9cdc-4b41-abfd-ebec01f95330,failure
96007d35-f9f9-4ec7-8098-b527e400e567,success
772e3d38-b08e-414c-8014-f1046ca2928c,failure
4ea9f4a6-8335-4c7d-bc52-ca3939384b9a,success
4dcf4bda-ea0a-46b9-bd1b-36df51a86454,failure
f9a82d01-34aa-484c-b1ea-70c9ee42eb29,failure
2a293fbe-b9a1-461e-8ea5-45963f4f620c,success
7d71730b-4618-482d-97f1-7e0ced2e071b,failure
5a225fbb-f3e3-40a1-9d5f-5dabd01e8fe1,failure
c359ecd8-0fa9-4a32-92bc-1c7658ff142c,failure
03edc89f-2689-4724-8784-f1c8fce761f4,failure
2c295503-d3ea-4773-843a-f68d0678225c,success
cfcbdfde-b1f9-4543-8397-7c90aeff8d42,success
9be6ffd9-ca61-4266-b92a-82609ec9450e,failure
a54c07a6-9e5d-48b8-b442-9adf67fd559c,failure
79a18372-08ea-4cab-976c-904876f604fc,failure
fb7520e1-3ea9-4d69-836c-3cfcd9023073,success
3d36eba9-45bd-4db6-9459-ca2592b11908,failure
423388d3-4fdf-40de-b6c3-03232991ed7e,failure
9419738d-bae7-4439-9f98-fd1f89344553,failure
219618e3-37c2-426b-92e5-0cfc3db9350d,success
db767e1d-6227-4e29-ad85-3c73c479cfcd,success
bebca271-1655-429a-b330-3c72683a5684,success
e30a5141-414f-4753-8bf2-890f73dc680a,failure
598f9b80-19df-4943-a204-f55ccd82fc29,success
faa85c4d-47e4-4b53-838c-3c1cfb0078c8,failure
ae4a33a0-7997-47d4-b92e-1e82312df916,success
da08896e-990f-4338-b61e-ca7bc3dbf35d,success
0fe01489-7e5c-4ec4-a770-b0353ea2d70e,failure
b89e2898-03ee-4479-8f7f-dee62b730b74,success
0aeb70fe-f9b9-40a1-b4cc-b8284f2d3952,success
ea299677-b2bc-45d2-8357-d0c518d099e6,failure
28c21845-7dab-4640-a0df-a69b21cec461,failure
18f485a3-630d-4842-a84c-59d622622876,success
d5b8dd5f-90e1-4ad9-88b3-6f7bf4ee9665,failure
26bf3278-28c3-4d9c-9bac-350a0e0509d9,failure
a7d9334f-b7b9-402a-8a72-d52b8b7aef8b,failure
048cc6f5-46c6-47c6-ad34-5e898a4e8831,success
6d9363e3-6fc7-46e7-850b-987ca796a3a6,failure
72d65acf-6c31-45b8-be96-d6a49bfeee28,failure
2e57cb31-1e6c-44b3-a897-a1b3623f2d14,success
eabf3d72-5ed4-4a2c-a729-01945cc90a5b,failure
94ec4ea1-5d4a-4dc5-85a3-64378b7c5d42,success
94e8f2c1-51d6-4b35-9cde-1b5b58638598,failure
279020d0-b6e7-4fc5-95b4-2af9e0ada4e8,failure
952d1a77-b0e3-45bf-8d23-6f5c4d9c127c,failure
df56d4ff-c961-4aed-838b-48f7b0d719ed,failure
adde1ce4-260c-4c98-8f86-dba6b18f5c4e,failure
e77a986c-e7ef-4095-a08f-ca4dae7c6159,success
c2b40ac0-26fd-4407-89ff-009fa55a3c99,success
38c9f330-8370-4d19-bff5-d3d3d45ce44e,success
f76d24e9-0db8-4a0b-b5ee-404cab75e39d,success
df5a3936-5db4-48a1-afa9-86a620fd44e0,success
82fb5366-d4d3-4347-917a-198259bc7c53,success
3f1a7678-61ac-4f22-bda5-d99861c6a134,failure
f8ef8001-be86-4f4d-a90c-67a4438bb0a5,failure
e7f2e13d-f530-4c86-9e78-bcc6bcaaa041,failure
274246b6-4b42-485e-8f1d-d9756d9fa48c,failure
40118154-690f-43c1-8625-ae3ba8ed4ecf,success
a6ce9d95-b095-45fb-8ff0-176662c7a60d,failure
6c22e271-66fe-466b-abed-127b00e44cec,failure
14fbabc2-34d9-433f-a3f2-077572b11cd7,failure
070c6280-5246-4d8b-a4dd-4c8c16c8bfa9,failure
9b40003f-4dd4-434c-a2c9-1461c0a0f91c,failure
fc26d277-3655-4223-a919-879889451e23,failure
985bbe21-3b53-45e4-8cc4-de2a1e0a4f95,success
dc82e861-68e6-4782-97fa-279c1a188503,success
818ca74e-430e-4f16-943e-f375b35c462f,failure
d30d1855-da4f-4c32-a101-b8ec5a075c23,failure
c4e94b4a-2c83-4476-8863-f5627262096d,failure
2d208ce6-5041-46f1-9182-796abf12adac,failure
37aaaa8d-d107-4d97-ada2-85f9fce5869a,failure
610670e7-0d94-47fe-8994-b0081d6e8611,success
b479f46e-bc2f-444e-8bd6-a5739efe1bd0,success
4a199e71-8c69-4ee0-a8b3-595a83100e71,failure
b16facce-5692-45be-80f3-4b919e968758,failure
e4cab6ea-be48-4759-8a80-a35aac8c95c0,failure
08b67ef6-5b6a-412b-b950-dfaeb10dc42b,failure
28a6121a-ceda-4b00-a091-eb648ab9a685,success
54c1246c-41f7-414c-af46-f843b7fc2382,success
09e65dbd-5664-4579-af39-096f054ab525,failure
6b14cc4c-1bb3-4e1f-9fc5-1e3c0198a25d,success
c689c048-a3e4-4958-a25b-6bae9893b3d0,failure
5403645b-6d14-4e3e-993b-0eba30d17e68,success
13743e89-108d-41f8-bebc-1624c705dd7a,failure
d292f607-5942-4f17-8885-ad785e042bba,failure
46f2c897-0378-4ae7-af9d-391bb343c44f,success
c2e341fe-6faa-4a1e-b827-17e582cba60e,failure
6359e0fc-8ed0-44f2-898f-bf2625ca2dd8,success
6569b06e-c285-4cde-8e8a-3aadd658546d,success
db271c03-19c0-4dca-b5aa-98f4372ae86e,failure
a9593263-d0c2-4403-ae85-c0ccbee786bd,success
23b10114-66f9-4e12-bd8c-878ecbf9f6a7,success
40c7bbe1-0927-4a68-885e-78713a1eda63,failure
6fe6b699-3282-4161-8df1-b35d800f1978,success
dd65b5d2-7887-45fc-a0e5-1933ae0888e6,failure
5ecc437c-e41e-4b03-a049-e3392312d779,success
9aef6cc2-6c85-4e9a-af1b-ab9d52178c39,failure
3c2a6e8c-d17b-4b4e-86c9-125e1a7fd78f,failure
d0c49b58-5265-4bf7-8235-66b14518f285,failure
ad61cc6c-532e-43fd-b80d-9c98c8324c06,success
66c553c5-4dd3-4f16-b8ba-e78f487134ad,success
185319ec-7fb0-4032-adb2-8c74ac75bc64,failure
fd26c2d1-4ebd-4817-8e3f-a9c965cb92e1,failure
030752e0-9a4c-4765-a709-1283ab1f2924,success
143d871a-1d84-4060-babf-bf6d3309383c,failure
bbae945b-05e8-4355-bcc9-7ab57938bb21,success
cd4667af-7424-478e-8009-07564a448d47,success
e2ff1977-3fba-4d2c-a9a7-c8baba03d57d,success
58d66cc2-1e4e-4746-9add-ba2ba689e928,success
d3eabaf1-2b9c-455b-89e5-2c3de17f0503,failure
aa279c69-285b-4c7f-b906-3d912dbbfd64,success
91728823-e935-4adb-85f9-c9f399344a5d,success
6ffeea1d-1bb2-4201-8be2-cd7388438bf4,failure
a6ddc452-3a64-4438-ab00-cda76344533e,failure
33e5e819-5d30-4921-a4e6-5cf9267f1171,failure
e84d2728-b99e-42f5-838c-87217fefaaa5,success
84f2e20e-55f4-4433-afaf-46b9615ff50d,failure
2176cc8c-e3ed-42da-9c24-6553fcdcbe8b,failure
000a5091-4a2c-49bc-89dd-a42c10e54256,failure
87942c80-6271-4c36-9099-33a1d2c7156e,failure
285b83b8-6ae4-4642-a5e2-612edadb20f6,success
952074c7-be3b-40a1-822d-3bc234eded76,success
d54e90a8-eebe-4a57-81f4-bb1c991cc432,success
09b3c60c-e855-40e5-9164-0f808860e6c7,failure
9ae4ed25-a3f6-4872-8284-2b1a53703e8f,failure
3e10db9d-b140-4c51-b22d-da7343fbf6b2,failure
4c0c2aef-9dd0-40dc-a6b2-8fc4a92db4f8,failure
f10a144f-f9bf-4f5d-9768-f38af0a5b3c3,success
eee56785-dd23-454c-8dc7-39130c1081ec,success
1f5ab490-517d-4d47-a1e5-9a61fe3f58c9,failure
f584e1ed-4f8d-4f14-ac6f-50fa04cf94c3,failure
8864a6e3-e34e-41d3-9f40-d8cd5d7f4937,failure
844b2b44-aff5-458c-9ef1-0a41a53c3fec,failure
f4f72172-15b7-40c4-b899-74d712d3a54c,failure
165f24f0-1f5d-439c-9d91-16ccac45e50a,failure
2102234a-331d-4968-a526-9b9b62e5d5f3,failure
1bc6ec33-2a3b-489e-8d07-94f63038b22f,failure
af363097-1448-4452-b04e-a7411c86cb37,success
6196c531-8f42-43a0-9479-293d588ba026,success
acb1b7e6-cc1b-47ba-b158-a76f26e1fe81,success
52c9ad3c-3a0f-4a60-b4eb-a16bac7ae905,success
4b9f5cb1-8926-4ea8-965c-83242b8587f3,success
7871490e-4eaf-4a9e-9972-157a33216698,failure
2f4b6e17-6b9c-4934-b9b9-66771015651a,success
7ae27765-f90c-4850-a932-f3a552d48a9a,success
ce29a416-8424-4ce0-bc4b-ea1f770ffc2d,success
6462110c-652d-4c2c-9564-f44e693d3b2a,failure
e41a8693-71b8-4aff-b6c8-3ef4405556fb,success
cd42455e-bf8d-4ecc-8d1b-b431ddc54c94,failure
479e6ab0-e8ce-44b9-b889-aede1b540bdb,failure
035a1e51-a8b5-4a1b-ad4a-112b4b5ed74b,failure
d97b46b3-d61f-42f1-bde5-8c000adbef63,failure
8de7cc7e-dc6c-4a7f-b1bf-5fbaf892dc81,success
d0e82f27-4858-4bb8-9ebc-88eb9c74b4a9,failure
f40ac917-b6b1-4f06-bc11-dd354f2178c2,success
5bd5cc83-1b63-448f-887c-3a719cf5850f,failure
963e42f6-de2a-43d8-a61b-b914ff76c009,success
a95efaf4-8d17-49c1-ac12-03ba900625ca,failure
89808bee-368b-4ee0-bffb-8fb4b009a52b,success
1d175080-75b6-452a-a067-4d13402662a2,success
33fe4fa7-c6c3-48a1-af0c-7ed7e81a4bb6,success
a604777d-5cb4-42cb-a2eb-75d2a5262f42,success
62bb0006-e8f1-4f52-ad17-b6dab7f20481,success
9950d0cc-2670-4fc1-ba4e-4ad97bb507d1,failure
e1f259d1-8c73-4939-b2e2-7d81a5ee9bc7,failure
a3364ecf-f67c-4d04-aab7-870f3eabe946,success
7dcc4b7d-9338-4ae3-b5fb-d44a2aa7e2eb,failure
f64dd284-2541-4c8b-97e8-e0fd0d0f5710,failure
d97b4f2d-cbf4-44dd-ad5b-3847f1e742c6,success
c1d73812-ac13-40d3-a424-e4443477df5f,success
ec7779fa-6675-4ae7-b7ca-404aa6cc94cf,success
bd7990ed-4c4f-4edf-86ff-b0d8cdc438b7,failure
8998dc63-6082-4265-a63f-fbd4700f4107,success
19d68c64-d193-4aad-9d26-822f86726f3e,success
cfef762e-d27d-4c71-86b4-3f0231eb446f,success
8058605c-af60-4d7a-b414-e9d04a22841d,failure
baa4aaaf-a3f5-4776-abf5-9ae1dd35190e,failure
ecb51df0-e38d-4b4b-9f35-97eadd797b0d,failure
58a6c251-7dcd-4071-a9b7-e24a6bd3737f,success
c75e1de0-1231-4933-9069-229bbc1562a5,failure
f3f24ce1-fed9-4a15-a43b-558535518a1a,failure
2cede9e5-f260-4405-9598-d8db002d756e,failure
b2666755-2b85-49ee-bc17-4c66e1a225a1,success
5478f4ff-eef6-42f6-8145-f5d6dcb471e6,success
fc7e829b-2744-4c72-8379-cf40f380a9fd,failure
f8443676-4266-4e88-8c9d-d9235ee60037,failure
65024a2d-5a0d-4d25-b963-6c572832e204,success
d7be29a1-813e-49cf-be2b-6ff18e2d7632,success
772bd17b-7b3f-4670-8d13-966c0cacbaff,failure
e22db246-4508-4158-8d99-cd87f624b56c,failure
20fe7837-fa2c-4ebe-91a5-9874f66a9639,success
7adcea6f-3b78-4aaf-8f3b-5049b31396d6,success
02469598-8ef8-41ae-b45d-3b85a2d28709,success
685b6b43-370e-4c57-8488-a9e46a2de8c9,failure
b74f0ff6-1afd-469b-8682-576e8452d6e0,failure
771c3c7b-db96-47ef-adda-75aa3a3e67b7,failure
0ecf0c23-e361-4582-b8b5-4ad443c643af,failure
16f68668-5ea2-48e7-b911-81db6d29308f,success
575b5d24-69fc-46ef-87be-66df3c0558f2,failure
2c9223d0-4003-48c5-bfc9-70914494341f,success
84797115-5462-4165-92b7-c255547ef0a5,success
509ac30c-2f8c-4e84-9c12-cc3771e6237e,failure
9e48979c-4d68-4fe9-90e0-3f102ea598da,failure
dd6ca172-fa3b-468d-9326-a2a417a8ce22,failure
9c18e742-6d17-42f8-993b-bddeb476f039,failure
9f684df1-402f-4189-9909-70bcbb926481,success
2ff6a18f-2ce2-4e58-8345-ee6b4b3d2361,failure
09244c08-ede8-463e-8221-9f2919100498,success
6e0aabda-7e15-486b-8c4f-b7b6d657314d,failure
ed3d8a35-058c-49d9-9939-642333bc560e,success
46d20c90-6c79-40cf-a05f-0820d49aae71,failure
b7d16fea-6c5f-433a-b45c-4d49c076ac45,success
cb57961b-7fa0-4508-90ad-f062c28d348a,failure
672750ab-f04e-416e-97ac-acc736e227d9,failure
12882a2b-f5d3-4d51-a830-6dbfcdc19349,success
af198d36-2f07-456d-a9df-c473a5451297,success
2af2ac88-26c8-4147-bdba-d4fb905fe415,success
e582dfda-d738-4938-9100-01c125433f06,failure
39373ab1-cbfe-4826-b15a-84bed36ceaaf,failure
05913b4a-21e2-423f-aee6-c489bf780944,failure
4d3e5550-a69f-469a-8054-e57c1f0baac2,success
b1cd7cf3-875c-4f87-9ae2-2bcbd70a38db,failure
9cc045a8-e24a-46d9-b5d1-7df027f33fe1,success
a11ed0b1-7ec0-4a9f-bd12-1ba40bc3fefb,success
6444089f-48d5-4344-892f-6649f49808dc,success
60639572-059f-4fae-9363-95dd01404fe7,failure
742c0728-8ff9-4fb2-9071-a67dc10577be,failure
7d8a9aa0-d966-44f3-8b13-2e87503ee361,failure
ad839702-665f-427a-b907-aec167afada2,success
94dfbf84-d7e3-4fee-ba7a-8f1f6c4fdcf7,success
7d4b3449-8b4c-4b75-83bc-7aa1d67be147,success
efa82999-cf9c-498a-9075-84bbfab61e93,success
08dff860-0ba7-4315-b71e-94f388b0e5e1,failure
a42527fc-0d8c-4ef8-90a0-d3215cf4ef03,failure
af8aa8c4-2471-4ffb-929f-cf876da7128a,failure
edea5fbd-f9eb-4de6-bc6f-11f91276e0fc,success
e758d4cf-eeb5-4569-ba42-bcc78ae9b1c8,success
ce1370fd-e1e3-4324-96b2-12510e5032b3,failure
557489a4-597f-4915-9f01-b23f709dd7fe,success
93017327-f526-4134-98b3-19c9232d6c76,success
bcd7934a-c1c1-4571-90d1-3ff14b8088de,success
e41808a0-8d33-441d-85fb-6bed34173c2c,success
203f5d5c-1867-4fe6-941b-1afb56318acd,success
9dfb7887-fdb7-418e-84c2-3a01f7535dcb,success
4b33d06f-2a78-4e7a-96b0-b31a4eb37d62,failure
838f1241-c97c-409a-bbd1-d1a92748ca80,success
952b53f1-4d79-4c0b-808d-4dcde6782f21,failure
0566b7a4-df6b-4803-a043-fb1bc6b80890,success
fd04061f-ea76-4b6d-8312-3944246fd666,failure
c7d98f42-5d0d-4e27-909a-ada5a103951a,failure
dc8fb2ed-1776-4563-b8e6-d74e6bbb107d,failure
2e77eb06-ae5c-4a3f-969a-4e279585462d,failure
d64e7b78-bdcd-4b77-a69e-a3e0b9e53695,failure
f0db1ce8-78ee-40ab-9879-052c4d1cb7cb,failure
245f6973-383c-44ab-948c-4e15809ddce8,success
1bcbba0f-f490-4681-8b55-78e939ee785e,failure
df988f49-e37e-497e-baca-03e9056e0b96,failure
78959f72-30b6-433d-b984-3fef188f0edb,success
cd4512f1-af56-492b-ab08-077139684e70,failure
25dc74b6-ade9-4c6c-ad00-2f2f3c78507c,success
a01ccf21-a301-4210-9a2d-3fda97ba9839,failure
460da40f-fc26-4204-bd89-a0467fb2a708,success
aa94f278-3993-4f97-bc7d-12e324dc2f88,success
d14c9631-6409-4d53-bbfd-e194a633266e,failure
cb752d9a-11d4-4ba3-a8f0-dedc31b2b97b,success
fd9bb5a1-3017-47cd-9fe4-ec76db78b7de,success
2b3d2d68-e9e2-4c7e-870b-227ab75be5a3,success
4042f525-3c76-4f04-9370-543a8d8318dd,failure
a286081f-6e64-4918-b802-d0da8b45eee4,failure
033408ac-418a-4d14-8e19-c1a07d6b811a,success
42cee085-ba7b-4149-a188-855701bb7b9c,success
f9c73416-7336-4d89-89bd-30308f48edb8,success
dce0c386-0b5f-4225-9674-a615547ff787,success
6db33b0c-18c8-461e-86aa-e724d2120db7,success
40b20485-1389-4516-abc8-7b21f149dc61,failure
a79c7e3b-d3ff-421b-836d-4c6ee92ec9e3,success
e9932182-22d8-4296-af4d-cd689bebbdf2,failure
a1594847-dcdc-44ab-bae5-5fe4f5d2508d,failure
97dbf6f7-1586-46f6-a1f7-e4dc7aadc16c,success
7c48a634-1624-4fea-8c8e-783c3bb31df3,success
3a0e97e5-6d55-4e7c-82f0-44268cb4dd28,success
e9911e34-9df3-44e5-8879-216f5c21287d,success
e597a059-2c33-4468-98f5-4def288a6775,success
bd69fb30-50b1-496e-8cb6-f018b2af4fbb,success
c737ab7e-f74d-4988-9364-0dc22186a7c2,success
7a8cf477-87ed-4b32-b3ca-3cdc195469bb,failure
0c13ba7d-61bb-4ca7-a5ee-45b59537aabd,failure
fd6fa0c5-9dfc-4d42-afe8-7a8aed131dfa,failure
c47e006d-2bf5-419b-8368-eebcddddf443,success
480847ef-a8a2-4ea7-909f-7196aa505d8e,success
3de9ddf8-05fd-40a9-b87d-66113a8cd8b7,success
41031b60-1cbb-4d72-b911-f7b6fc6f4aa6,success
df211134-e0dd-4b11-8624-497cdb149bd3,success
f8b04669-3849-41f5-8d73-21ef551b2537,success
8174d4f1-1f6b-4fce-a6e2-dcc9413a5e58,failure
61a51487-bca9-44fb-b77e-fd3e31234d27,failure
1e633a23-d24e-42b7-b887-a592bb5b1e80,failure
1b64d154-40e6-4990-b3ee-2fc073444662,failure
383ae30f-a604-4c5b-8acb-05ebb64b8362,failure
3ad9b499-a67a-4815-a194-c2df873d5ae2,success
f538839a-d7d4-431d-b66e-fe89deb6073a,success
fcbcc7eb-4243-430c-bc21-d651f26c0839,success
67d95afb-59db-4549-ba3d-fef290d2b0dd,failure
d469ddad-89fb-4147-b647-b086bf31c399,failure
e6b14437-953e-4066-bb1a-3bf5faf90812,failure
8c196c1f-46ca-4147-a27a-40545331a290,success
8fb85267-fb78-4cf9-8273-41290259a971,success
35dd63e3-9263-4826-8d7d-c3d63f46c97e,failure
bded75cf-0ad5-4342-8fc6-32bde225ca7a,failure
8bca8515-3951-4606-be7e-762aa53a68f2,failure
becb36c0-83ee-4f43-a895-cb93769ec623,failure
6792a522-2d9c-45a2-ba47-a18b73a17968,success
5d8b22f5-cecc-4d68-a3b8-e60b08c7a141,failure
e483400b-70b0-441a-9be5-7d722950780c,failure
c6d9ca53-93ab-4df8-8f71-b37a6c8a0ae8,success
7c9014a4-32e4-4ee4-92a3-991d4576c683,success
84699cae-9489-4982-bc17-fbc33c84ecd1,success
b87c1222-58a2-4147-8921-b2cb06a367b8,success
3a73150e-6b90-48fd-b8a0-2ed8c5b0dd9f,success
8c7c443e-8d3c-4d9f-a184-b0623adb776a,success
dbd8068a-bfbf-42c4-9101-726c7e2137df,success
4e1de5eb-3442-4f4a-8a36-6c6e3b294ced,success
aa11a2d9-3a9f-4af5-969f-607a30f4d5bf,success
596a23d0-bc17-4935-8309-d575bc6408c2,failure
f41a77f8-7800-4343-9ed2-217c830475b7,success
c39ad76e-2ebc-44e5-aa2b-1a1e25790ffa,failure
bc60798e-b48d-44f2-9ee0-7fd5e755e191,failure
2b1c8565-a484-40cb-ac36-a436a58b37ff,failure
03ed535c-0c6e-4947-8a17-d5bbdf0f719b,success
51fd5a61-8bc4-4359-a915-d1f017750385,failure
1348c59a-873c-40f5-ab17-22b98319e91f,failure
a3bbf163-abf0-4246-a0bc-e9b543d42f84,failure
48f3d2f6-a150-4647-978b-732d4b4686ce,success
a4a9cb20-e4e1-4c32-a8cd-2b2236cd5d5f,failure
8473d6b5-3cc8-4756-ac24-65cc119d0bb6,failure
42dd8a12-b6cb-4691-b195-3ec1ac5101df,failure
8aa93bb9-2518-4cb2-9c01-50409d8d716c,failure
f3ccee1b-fb4c-477d-8715-d7563f347780,success
1a2c6dbb-23bb-4d61-81a9-ce98479e7023,failure
15f8590f-1530-49bd-a59c-dcb491aba614,success
02771368-c0bc-46a0-8540-e842b7787a80,success
e3e25b68-5845-4dda-973f-4b93cf036781,success
b48e270a-5417-4b65-8023-b356029ba9cc,success
19c79719-7675-4a6b-a8cf-d3191a0a39d7,failure
f5561e74-324c-4f1a-826d-e5e993c9549e,failure
b5ce2c48-6d33-4064-a209-c2ed3c52efe4,failure
09d45eb5-a966-43da-b2d2-25b290858238,success
113eab69-e579-4cd5-aa40-f6f6f52c3bca,success
7753cbff-ae43-4e57-9283-2f41caadb56f,failure
1f8c620b-d797-4d77-baa1-8a3af26010f4,success
c91d3dec-0bb1-469a-a577-accf849d3890,success
a9b13d22-7ee0-4104-8240-0d738a88fddf,success
924f38df-5f61-4aa0-b11d-0b2b4b7b2ac5,failure
3b6b3229-9fbc-4a98-be1d-32e1562d8da9,success
e3ffff00-e8ed-4b5b-bed9-8f2e319d0c0e,success
ee8a7ccf-5c78-488c-8def-c5708e251b63,success
7b098c1a-682c-4831-ab2a-5cc95beddab7,success
2626e151-88bf-43d4-be8a-1203da68d17a,failure
5c6f4471-3f87-4206-ba58-5f02c7a612db,failure
c5f00745-a7ca-4bc4-96f7-c73b29e185af,failure
baba0a6a-3a5b-4016-9d83-900b68760dde,failure
643e8d2c-3592-4509-a15a-ad805cea9ffb,success
013c93ce-4bfb-4c00-82e5-b050de66d4b7,failure
cdea9dc9-6c2d-48d0-9ad5-a88b74f08cdf,failure
0ad177ec-26c0-4965-83db-0a485372b93e,success
27d53bbe-74ed-4a6d-a21b-7ab658de2a77,failure
97451082-3809-492a-801e-e59cb4a3efd9,failure
99f2d785-131d-4f47-a610-275932f24c1a,failure
d5b6d7cf-b7ef-4632-866b-4df296c8e1c1,failure
c3a90797-adea-4b26-b9c1-2771d7ee1d58,success
fad8c90e-9892-4cb1-bb19-f19e664cc31a,failure
0060db23-55a2-4488-817a-ebe3c1fda8a6,failure
67ac6073-dc19-4dc1-815b-27f9a6d67791,failure
4c9a2970-da26-427e-8687-479eb3fd12ca,success
db7162e4-b0fd-47c7-b7a0-efbfa2638d56,failure
8024d6b8-1966-4006-9d68-8dd8d77c3345,failure
ec5112ff-c163-4e20-96ac-1785be5693b4,failure
d6a6c4b4-41a6-4a5f-a01c-a6cb32e22da9,failure
4d8fe913-cae0-4a65-a252-4ff30a51c4e1,failure
21e74a43-3fd7-409b-94ac-949258ba450a,success
a1dfa308-4e76-431f-9d27-9dbf969c8f21,failure
715010d7-b4bd-47e0-a38d-9f20175d96ef,failure
a189af2f-08fd-4b3a-ab40-148541e4745d,success
3a6e67c9-1f5e-4d3d-80e0-4f44c818866d,failure
06d7cd67-4a96-4097-ae5f-d2701cbe45e1,success
646e22f9-cce8-4a6e-a71a-cb80b9d08fec,failure
d4f7341a-0c79-4850-abdc-924e21ddb830,success
e6084433-1d4f-4e59-b527-b3164e884050,success
3b746a1b-8fc4-401d-bb18-c50ac06ec49f,failure
31c3fdb5-e06e-4abb-aa1d-6eb4a11b48f7,success
6f9843dc-0b9d-4eef-84b2-2568e118714e,failure
17bd1217-c45e-4f25-b832-7944eaeb75c9,failure
981b02ad-49e7-46ac-b5ae-0648a2e7edd1,success
9db262a6-dcf6-4cfe-be03-dc3d9835c5b4,success
fae5de12-5c77-4737-9904-6c845aa306dd,failure
b89c8660-100a-4244-982a-e1cee21aacdb,success
b8df5fce-a182-4305-bc9d-07ce175309bb,success
50b75251-bada-469b-be50-d8e8fea55dcc,success
8f6d4b7c-4ff0-467a-9197-40301a598c11,failure
bd8406f5-9db6-46d1-846f-984e650718d6,success
f0fd1b1b-763a-4424-97e1-ac3f17c93847,failure
02478224-a63f-49e5-9714-1a05d1cdf0df,success
2a5dc5e9-428a-446e-b368-c811273d0571,failure
ac777dff-fa43-4eb4-9a8d-7ae5d0e1a227,success
bcc3c265-8190-411c-a3dd-729b836b3821,failure
a4b87f79-ce21-4e77-9e28-7ef8a6b9aa02,success
c79bffb4-1f6d-4f64-a24e-47cb0578ec78,success
2d4e8a45-8e7f-4361-8dec-15e48e009c6e,success
d4589739-47d6-4ac4-89ae-9ade3dca9531,failure
441234df-3e36-48d8-9b7b-a101863de385,success
ffd2c032-2ab2-4f79-9877-66dc07077199,success
a53c57da-85e0-4bd7-abf9-33c5aba6cead,success
b5851244-b972-4d27-bb6f-86a305271dcf,failure
649a5834-b739-4ef8-926d-6f6632aa0842,failure
0d314477-b9ca-4e2a-bec5-2dc3a1b0d83a,success
057b35a0-3ff3-4e28-8e51-ffb070bf1187,failure
6e33e911-0edd-4ceb-95b3-193925b5665d,success
cf609b8e-fb22-4a46-9346-0e18f5d11fc6,success
171cebde-2ac9-4e39-9430-22819a242f70,success
9b9b9735-2981-4589-9fe6-c7364bba31cd,failure
7f09ada0-2743-4862-9605-e1c158fc66ff,failure
d1c2f783-9477-49e9-9b6a-ed69086a88f2,failure
97426736-23ac-4690-8cd2-4e1a9b7f203b,failure
04dafc7a-a125-4755-b5dc-8de152368ca2,success
ec80e559-e1c2-4d24-a0fa-9703ea8886dd,failure
6c16054b-0a97-4294-9fb9-3f00af601b56,failure
e9a66352-d7c2-4029-bd5c-3ba79ce98145,failure
fb353ad7-aaa3-48ef-ab9a-a679a7edeedf,failure
c1168a75-8b06-45d8-a615-d84e14d44001,failure
7a81d8ac-101f-4741-9413-28e22f6f507d,success
1269e322-5c3c-4738-91ab-f17124b5c761,failure
55909c98-c101-4d2f-a1f0-87580c8c6cd6,failure
428d9ade-dfce-41b2-b0ba-8cf905838195,failure
e867483b-edde-4af5-8505-139af279e938,failure
fb924a0a-08cd-4d19-bc84-ee4a70724244,failure
6fa06bb5-86bc-42fa-961e-31d9e94f5fdf,failure
08c5e4df-8988-41cc-925f-2ddb386c46cd,failure
6be86f7f-de41-4786-8d63-6e72ab050429,success
be882462-530a-41ab-b370-3333e11a64bd,success
fa98353a-9c91-40b4-b038-b346f460e0f7,failure
7af8fdec-2d6a-41cf-86e0-dc6b9298034f,failure
f92af8b7-e969-49ba-ac9c-ddfbf77a7dc5,success
c3c14120-d65d-4cff-9938-44c370cea4a0,failure
67e99912-e47c-4cbd-b097-496188f6d8ac,failure
3800ee30-c58f-49d1-9877-60a155715a87,failure
b166a3fa-70c5-45d6-93da-99c9d37ef471,failure
040e731f-d375-4672-ad6d-f238916db0c4,success
fb83a58e-3f1f-4a8c-a3cc-61fd753b0efb,failure
1d2685bf-bb5f-469d-abe8-af9b40beb308,success
ce3be134-e250-4aa0-8469-f85ac81cd012,failure
117cbfe9-9458-4492-96b9-753e2c03ae19,failure
ca3b267b-afd7-450a-ac77-2c4c7dc4dcf2,failure
2e752252-0f75-455a-a3b8-0a54eb7748f8,success
e498ba86-1bcf-44dc-a47e-002ea19fe69d,failure
966d4c0f-4a6a-46c8-85d7-ed70eb416a5a,failure
980543d1-6333-45ba-afb5-fa93779fca0b,failure
baf00100-7dd0-4baf-b4f6-9b56b3f363ec,failure
a2de95a5-b1ff-4ed7-b78b-1f1310ab0328,failure
499716a2-0add-4443-b7ef-131f00575924,failure
25d9e6f0-4f1e-47f6-95cc-262bce3ac82a,failure
ffda8b96-20f8-4e53-8248-715f9d835870,success
83d0d839-d59f-4ecd-b9b8-8bb33c9c27dd,failure
31ee8725-0e71-4ac9-8475-d233e61ad554,success
605564af-6d5a-4f16-b17d-2c5055ae7cc2,success
ab18809e-1f42-43ec-9cc5-206c1623a499,success
8033cbf1-c852-442e-94c8-39760f2e87aa,success
9d4cfce4-8b26-43d9-9470-ecd9d54494f8,success
29ddb965-6f54-4a4f-b179-28c654814f7e,failure
8346b906-623d-4caa-b11e-cfad566d5b4b,failure
dd916ec3-0815-4051-a71d-22bc62802e89,failure
04358459-29c1-4aa3-b2a2-04ee1cf52044,success
358ea8db-6210-49c4-ad41-8a82a8d61ef8,success
47393972-b06d-40d6-b649-ed6f048c2c49,failure
efe5c62f-f540-44b7-a402-2a52a4d75fa5,success
6c4e20e5-b048-4019-a06f-01937d80c84f,failure
c741f6bf-823f-43bb-a6fa-5a776b415c73,success
58568300-2e3d-491f-91b5-723162975b40,failure
0a74673e-7be7-4f45-9765-22784b2aa099,success
d8095d95-c550-4414-9f25-7aa563b5ded8,success
b5a188c1-8138-40f5-8ed0-d42b208ff264,success
ab5bcc2b-95f0-44dd-9cc1-d6e625cb097b,failure
a6e137a1-e642-4ce5-9034-7110baff4702,failure
6fa76f03-836c-4b99-b04c-c6391145ce88,success
1c4da4d8-a972-43b7-a2b8-d9a33ecc0cb1,success
c0c99782-e9d9-4327-914c-b8ec01e2b4bb,success
f5faa979-dcf9-423e-ba8b-94e7655943f8,failure
0d1c94dd-3d0b-4b93-bebe-0898e25e13b3,success
2840f21b-99e4-4b59-a6f9-e51a10c5da55,failure
c95ad287-ceb3-4d13-98bd-0b82e7cb059a,failure
eedc4ce8-7051-4337-8902-d60bfbfd79e0,failure
f7077807-0145-42f7-9f10-b0501151bb7d,failure
27be3bfd-a3c5-4a23-928a-6e18f449cbee,failure
9ae4207d-ee68-4fb0-958f-8f313e1b051b,failure
51e6c8e8-667b-4b15-bf85-6a9c3df58fa6,failure
d5ace8bd-ecca-4da7-9609-cc080cd4b728,failure
96365c03-b749-4cf0-86fd-010415ec4d10,success
652d4729-8a39-4334-acdb-d15cceff524f,failure
ca6a6d62-0fb0-49c4-ae39-427f2f1f88fa,success
1028e245-be66-4de8-8da9-176921313a47,success
77733149-b511-430c-b4ca-6f1fe889a7d3,success
5bd8380f-995a-40ab-913f-a1cbf6182a5d,success
5a9d9bfb-8aa4-4f51-8cc2-3b77e75f4772,success
85d02c1e-16df-49fa-82c0-73f643014df9,failure
7f768670-6ac6-4766-9b17-78205ed671b7,success
887d98ef-b16d-4b93-ad27-a98357a469b2,failure
b21f74d7-3fa2-4803-9464-7ae2dcbc6bcc,success
902f8f1a-c663-450b-8e18-210fe5647320,failure
7579c811-e93f-4684-879d-2e143734803e,failure
131fc2e0-7ba3-408a-8d49-2bd45c9d5499,failure
523390f9-ef83-407f-975e-7410e0513ac9,success
7d369e8f-5945-4076-962f-da5ef8a5ea7b,success
9e507d35-8a37-4461-9213-8246377ef50b,failure
d0252029-0f5f-45e4-810e-d59fa2b10194,success
f4a0034a-ac99-492a-b657-f44057c0f696,success
d45ef250-93f5-4fc7-8c27-ebdaf04cce8e,failure
d610006b-8032-46c5-87f6-443c27b5226f,success
9ecdd5b2-bedb-4d9c-b171-2e9e7e354d1e,failure
b4af4df9-6657-42a5-b920-6bff959e23b4,success
9944008b-2ed0-4c7f-a5b5-b45d69104ac7,success
4d06ec4b-5392-4203-b993-e6601a4a175b,success
701e2784-df9a-4fca-a7b8-07d5de7717be,success
3463ff13-840f-43fc-9210-398d7b273c91,failure
538f9e0a-c020-413f-abab-45691c994302,failure
128a2c60-0456-4624-8ea7-514b40531796,failure
7bc3ab33-2541-496c-afad-cfb0aa964e4c,failure
63ad4a7f-1057-4b66-8a0f-5c918305c111,failure
5985a36d-a110-4e4c-b917-1e1b09459a51,success
b8db9be1-acc0-4519-b0df-f1cb5f23c4d1,failure
d81318a5-d306-487e-8a22-c59f29498045,success
86069378-8f2a-43d0-9f16-b8414dabdb2e,failure
75e4f58a-e5a7-426b-8d79-bb29ba5bedac,success
4bd2aa59-8a41-4b7c-b3f4-c1914179ed23,failure
553e99f1-b2e2-4270-a696-9c89a6b66652,success
47416fbf-80c9-4bbe-b69e-7ac0d17ee5c6,success
5ff8a794-7eae-4373-8488-03a786361c05,failure
6d71ebbe-c2b1-46b7-bb6a-cf84530c0f6c,failure
af3752b7-d7e7-48c3-a2b1-06f02e287994,success
057086fe-87ff-4c30-823b-ef42ce45aafc,success
a7f86a9d-83b8-403d-8f53-acfa1e0b6bcb,failure
7e5609dd-d2b3-4f79-a273-8ca1a95a516c,success
4a925503-6837-4936-b49b-c0f0f93a0659,failure
86d7b1cc-96af-4ef1-a802-2d822210f353,success
7318769a-ce7a-48f5-911d-e15f8d4fd575,success
27a5d0f5-6803-44a2-b458-a7ee3557f0f5,failure
6470890f-8528-4759-8e40-333f4a0fdbef,success
333282fd-19f0-4bc8-8266-7ea7bbccb639,success
b8cccef6-a101-44b3-920b-b35a197dc09b,failure
ff79c3fe-df53-4755-b559-789c2756c26b,failure
f600b95c-21de-453d-b2d4-848504a14055,failure
ca89fcf8-3207-4c2a-b04d-a9459d6a370f,success
4ae4a3f8-5233-4571-8a1d-045fe961d080,success
9fcd3124-4cbb-4c7f-ad92-62e0df6792f1,success
fd76f86c-7194-4a19-a551-2074b4f7a5fa,success
ef9afbc3-8dff-4625-b93f-733e3c3bb104,success
3fa445a5-e2ea-456f-b986-ecdb789fb7ec,success
5e61fb0c-25c6-4f50-8eb6-490a803d2984,failure
42fbba7a-35a1-413b-9eaa-57fa418037ee,success
194df9db-7148-4404-b927-18af54338421,success
0587a2a5-a336-4c4a-94e9-8f14a8278281,success
7dd3eb61-dda3-4a9c-9061-23b0f079d40e,success
23a600e4-ece0-451f-b80d-2c09f3f883aa,failure
2951c936-9daa-4ad1-9963-234563a31090,failure
e0a81312-b49e-4cd7-8262-e91d50ecf51b,success
94274ac5-5f5e-4d08-90fb-8832d9524bdc,success
c55cd99e-afba-4a96-b10d-dd6ded79f442,success
26d69ac6-a808-43ff-ae8c-2157ab672d94,failure
421a92b5-bbfd-42ec-b9b1-47c06d393463,failure
163ba9a7-c7f4-490c-b74c-7665a88ea51f,success
b4c14207-047f-42f7-9ad4-1e581f2dee1b,failure
b53c5474-6733-4d83-8dec-a68d51e0d296,failure
f5f182b1-e3d8-4add-b628-75515843a7d8,failure
ec157985-4f16-4d93-b81d-886f1b96e24f,failure
9254b174-fba9-4c02-b9c1-61f0cbe6f4ee,success
ee2badfe-a5e0-4089-b1dd-d94819a90b4e,failure
b07e2e41-1e1d-472e-9677-dd14ddafb16e,failure
d39a705d-a59e-4cdf-9550-13496ff15848,success
9fdbef6a-c9bc-497e-883a-573d6a0c4664,success
86bfa589-fd71-416c-a683-2501ee79adc4,success
cfabd6af-5261-4704-a6fc-1838be6e7dc5,failure
a47f25af-c1da-4b1d-b394-e6ec937139d7,failure
b10a573a-a68d-4c8d-9413-546ec9a2867d,failure
e4d3e901-10b6-40dd-a061-e8cd2f75122e,failure
220b19c3-9f3f-4f91-a528-1b1ea625556f,failure
09b23c53-edf9-47a0-9a44-cd9cfa1df0fe,success
2e163b76-fc71-4891-b8c9-6c03fbc802ae,failure
b7e97222-0695-43f1-99ce-1ac38ab19dd6,failure
a353e5d1-fbbb-49da-94d4-777c7a0dc653,failure
673df6b9-1aa9-442c-b250-dea33ad4847e,success
6847125f-448f-47f7-be2a-3e64da4afad2,failure
43519a99-2ba8-4731-af17-64a086768709,success
0a1dce5a-813e-4c8a-ad64-0556e2b1148a,failure
2622c7b7-848a-4313-9c91-67b372ebddf2,failure
b1e2741c-57f4-45fc-8c6d-f1ab8a017ad4,success
c3a15ede-b3e9-4dc6-a6d1-fdcedb1d2f54,failure
25d3f3a5-d5a4-4295-aadd-c9646ed16d5c,success
96d377fb-7ae9-4922-af28-58d1d6be4d17,failure
e38c3906-1d5b-486b-8450-9c01f73cafd2,success
50dfcd4b-4c3b-40ad-a38d-981560b9ab60,success
78e8ed54-d6cd-4918-b7ed-2a0d019771ce,success
d6032d3c-9d83-4c8f-9261-4373360a2077,failure
0e32f173-632b-457e-81ad-4d62b12321af,success
4b876a7e-c00e-4f92-8f61-9ed8bd1575b9,success
20220cb1-e71d-410c-9f00-9e7a69dd1968,success
fa0a5655-ca92-4ca6-aad9-67c51a0673b7,failure
3afa0ca6-7272-4a4f-a2b6-46a2b7e3b118,failure
b257d0f6-3220-4043-a6e5-5fab272417cf,success
c72d1d95-538d-40c5-b5d5-1ff60008d1cc,success
c77a71ac-fca7-4978-8b89-704649b9f443,failure
ca4ab7bc-3254-40de-92a9-766b9c97bfd4,failure
53593e9b-1cbd-4702-9f9b-aa9450757309,success
578753d7-68e4-4f50-bbeb-18cad49b2cc9,success
6507176e-0806-464d-b490-3183dbc41018,failure
d0179429-50a4-4e88-af32-a7287625a1ed,success
bb545cc4-7ce7-4be0-8b10-1432e16ea12d,success
02fb00bb-33ac-410e-b933-b5209da11adf,success
4c3dcad8-04f5-4023-9a59-127b61d66f88,success
e1021d0b-b8de-4f65-8110-331f5fb92afb,failure
df6d3a5d-dd72-4a55-8252-8525783d70be,success
6990c378-7a25-4ed7-8810-fa83a81a9ba9,failure
ff6f216b-5f49-48b6-8d07-43121dd685b6,failure
292f1bb2-fc58-424e-a54a-6c1a6c05cc68,success
2c2b395b-798a-4c55-9f45-91f9fe875e0a,failure
d0c065f1-527a-449e-a4d6-f008593ed69f,success
0f475951-f795-4f7b-9e86-fd0463b3ceb4,success
8d52146b-aec0-4ed7-8938-e66abd350686,failure
d050fed3-c45f-44b1-ac46-f88a605e6e00,failure
355dee92-e6d7-41e0-b574-fc4e183ba520,failure
430855e5-48b7-4a54-9b20-f78571f2facf,success
e9e0f75b-14a9-46c3-ab2f-0203a4b2b5e4,failure
aa0150a3-1df4-4d03-a3a3-12c5b8d54168,failure
9e95ea03-867d-4fba-9503-c3d2d64d99f1,failure
894c21f4-7d14-4ac7-ac8d-3372294f46a5,failure
aab7520e-187e-4382-9cc2-b77e2ff65f30,success
6c477d68-a0f2-4b39-9d0c-06fbbbfbb27a,success
5010f6c0-8008-4f7f-a729-1be4487ce516,success
62a02902-c050-4f9b-b900-79e77ece6168,success
8a3da834-da8f-4722-b5c1-0f7298e8e12e,failure
420da5a9-07cc-4aa5-8aff-636e1f8f22a3,failure
998c03c7-d133-4ccc-b207-e43134cc620f,failure
c022a95d-15c9-4889-93d6-37cfbdac89f1,success
bf58dfd9-e8ae-4316-9e1d-c2e8ee6144e8,success
6b2e8f0a-c4ef-4df4-86e5-6a66501e70d7,success
766027b8-cc96-4539-aee6-bb648623b83a,failure
d018600b-5395-4c6a-94e1-436228770499,failure
81716ba9-81bc-472d-9b5e-4fade6f93e3d,failure
60a7a648-7e41-425b-bd7e-b1309da7af0e,failure
29a4e452-683d-4e33-8d6b-65ac955d0e92,failure
45bd202b-c0da-4878-b279-ec2b10bb6ddd,failure
dba83871-25de-4ba8-a5e2-ee261b40f2d5,failure
61d10646-1948-4d76-8733-9eb37b059b48,success
4696664c-ff96-4b92-b6d7-1a2f7da1601f,failure
f9f8b0c2-d917-40fc-8479-2e6abad1c243,failure
a93c17ea-a425-4044-bcc2-a448b10956e0,success
a144d170-a462-49f6-89c3-5f66c3027d7d,failure
8f3fc60c-94de-4c4e-a7a6-5c5d3fac7c96,success
8e64afa7-c6b8-4c1b-b33c-b4a4c5cf0e9e,failure
c6c39bac-5dd3-44b9-8d9e-eeb69ec8f22d,failure
5202709c-b86c-4f2f-b82a-e38252bfce14,success
f6a6cc4a-a9b2-4417-a81e-2bd5ced9fe55,success
d64e8386-a178-4b4c-8063-44f56be094e0,failure
728c61f4-5f9d-458c-9ff4-649210e6575d,failure
55d215c7-c450-471d-a633-5e637e0c48f6,success
b630a7e5-0a80-4713-8357-4b6240f21768,success
c7d98191-99ed-4c95-bbfd-4169b130723f,success
a8a994d9-bc7b-49c3-8ed3-d49bd6ae8dac,failure
c42494b4-dccd-498a-9521-ab5165b3b81f,success
31eea21f-e865-45aa-a4fe-f5a3a73d2b72,failure
8f33ca34-dea0-40b7-aa43-f1b9347eaf37,failure
f34fa6be-276c-43da-903b-dbc62d915d77,failure
9b7f15cf-6e9c-4ef7-98b6-74f42ecdc272,failure
f682c125-9c5f-4341-bbd5-5997aef1cfea,success
82655fcc-3d28-4196-b985-b1d823138198,success
bf4f2dbf-378c-4735-a905-00846ed64f8c,success
d2147a1e-dec7-40fb-bf23-2a3cfadf0418,success
f4b89b82-650d-40e4-8d81-bfe7b4ec036e,failure
0af756fa-bfbc-4692-b782-005013590a26,success
10021c2c-3219-4a94-9ae9-e721d9bccf4c,success
00513d11-7c0d-4134-98d7-7468dd05c05d,failure
a859eb12-17e9-47a4-83b4-09f97f4223a4,success
e1225cc6-5f1e-4754-8c6a-d5c40769da1b,failure
746cea7f-0b39-4dd8-8c80-182cc98035d3,success
1f3b853d-7ab1-4087-b1a1-757a016eeb05,failure
789717a6-5e5b-4434-b724-1f974a6e910a,success
4401b70b-8719-4cf0-beb3-3d473c951a3b,success
