id,name,birth_date,gender,email
97766,Нинель Васильевна Носова ,1975-07-19,F,belovaanna@mail.ru
96374,Валерия Борисовна Фомина	,1962-01-12,F,doroninleon@rao.com
38920,Ладислав Аверьянович Щукин,1933-05-16,M,doroninatatjana@rambler.ru
62940,Анна Кирилловна Беспалова,2005-08-30,F,komarovepifan@yahoo.com
44359,Ирина Сергеевна Кулагина,1913-03-25,F,kirill2008@zao.com
19420,Демид Харламович Давыдов,1972-08-20,F,odintsovamaja@karpova.info
80375,Марина Робертовна Воробьева	,1959-09-03,F,hristofor_2000@hotmail.com
24410,Антонина Егоровна Уварова ,1967-09-18,F,viktorija_2000@oao.edu
35319,Терентьев Карл Антонович,1936-11-16,F,evstafiefremov@hotmail.com
22334,Лидия Эльдаровна Родионова,2013-11-07,F,blohinklavdi@blinov.info
72197,Артемьева Ираида Даниловна,1953-03-15,M,prohorovaanastasija@mail.ru
33922,Большакова Оксана Станиславовна,1964-12-04,F,bikovalora@rao.edu
97484,Гордеев Клавдий Иларионовичх,2000-12-01,M,ipati33@oao.org
75859,Ольга Тимуровна Суханова ,1939-02-16,F,orlovamos@yahoo.com
61807,Евдокия Святославовна Павлова,1999-01-11,F,semenovapolina@yandex.ru
39087,Фаина Александровна Доронина ,1951-06-10,M,muhinmir@mail.ru
83863,Фролов Богдан Васильевич,1971-01-18,F,anisimovavalerija@zhdanov.edu
90434,Эмилия Кузминична Николаева,1909-05-29,M,bikovaeleonora@ip.net
51069,Горшкова Лидия Романовна,1953-07-13,F,danila_39@hotmail.com
85191,Исидор Якубович Титов,1930-09-14,F,sila30@zao.net
83421,Костина Ангелина Кузьминична,1920-05-26,M,antonovprohor@natsionalnaja.net
78951,Дроздов Агафон Жоресович	,1986-12-06,F,filimon_11@zao.net
32592,Боброва Лидия Константиновна,1950-02-07,M,eliseevgrigori@rao.edu
12825,Белозерова Алина Олеговна,2002-12-13,M,angelina_1983@emeljanov.edu
62155,Борисова Валентина Николаевна,1988-08-12,F,maja_37@yahoo.com
80322,Антонов Анисим Аксёнович,1941-08-21,F,zhuravlevapolina@ip.info
44054,Виталий Егорович Тихонов,1977-03-04,F,mstislavgavrilov@rao.ru
86278,Тарас Всеволодович Фомичев ,2005-05-10,M,dementevmechislav@mail.ru
78406,Калинина Нинель Геннадиевна,1975-09-05,M,fedotovlongin@hotmail.com
50513,Любовь Харитоновна Пестова,2005-12-03,F,tamara_37@hotmail.com
98589,Любовь Васильевна Самойлова	,1940-09-24,M,ovchinnikovkonstantin@mail.ru
57748,Кулагин Митофан Валентинович,1976-12-14,F,oksana34@kubanskaja.info
48337,Киселев Виссарион Борисович,1960-12-27,M,irina1981@ip.ru
41547,Никифор Федосьевич Ильин ,2013-10-25,M,arseni2019@isakov.info
46439,Смирнов Иван Арсеньевич,1908-12-20,F,kolobovsofon@npo.biz
95263,Носова Агафья Леоновна,1990-08-17,M,zoja_1977@hotmail.com
39500,Веселова Зоя Викторовна,1905-10-28,F,strelkovapolina@hotmail.com
98836,Мария Леонидовна Андреева,2005-09-06,M,zzaharov@oao.ru
55190,Козлов Мирослав Бориславич,1928-03-17,F,ereme_2016@ao.com
87959,тов. Воронов Никита Антипович,1908-02-08,F,tihonovgerasim@rambler.ru
21869,Родионов Владилен Терентьевич,1978-07-03,F,okonstantinov@mosoblgaz.com
68682,Ладислав Устинович Кошелев,1905-12-01,F,vlasnikolaev@hotmail.com
67872,Наина Михайловна Журавлева	,1942-05-12,F,amvrosi17@hotmail.com
76349,Лукьян Герасимович Дмитриев,1929-07-31,M,antonin_88@gmail.com
80075,Карл Абрамович Пономарев	,1975-09-08,F,aandreev@mail.ru
20866,Акулина Васильевна Журавлева,1944-07-04,F,lukjan88@naumova.edu
58936,Зинаида Петровна Князева,1943-04-24,M,vladimir_80@safmar.org
13661,Иосиф Устинович Щербаков,1917-10-15,F,mina_26@mail.ru
62184,Фока Феликсович Елисеев,1981-08-06,M,evdokija2004@rao.info
52234,Кондрат Вячеславович Ситников,1957-11-19,M,zatsevnikola@gmail.com
28402,Марк Ерофеевич Владимиров,1924-06-19,F,feoktist88@oao.ru
70371,Мир Чеславович Власов,1953-10-26,M,kirilltimofeev@mail.ru
15402,Тетерин Силантий Дмитриевич,1961-04-10,F,antonina_01@npo.ru
51466,Кудрявцева Любовь Кузьминична ,1953-06-01,F,kazimir2006@rusenergosbit.org
13543,Маргарита Аскольдовна Аксенова,1976-04-20,M,florentinrozhkov@yandex.ru
41764,Феврония Федоровна Шестакова,1915-09-08,F,semen_1978@yandex.ru
47495,Феоктист Венедиктович Ермаков	,2018-11-08,M,kirill1985@yahoo.com
89294,Антонина Егоровна Емельянова,1996-01-20,M,eleonora_1987@yandex.ru
68705,Андреев Эрнст Ярославович,2010-02-09,F,radim_1993@mail.ru
88018,Никонова Лора Эльдаровна,2000-09-22,F,eshestakov@yahoo.com
14899,Лапина Фаина Наумовна,1985-11-06,M,dkrilov@zao.net
77818,Матвеева Варвара Юльевна,1984-10-07,M,pankratabramov@karelija.net
36334,Горбунова Татьяна Матвеевна ,1947-08-01,M,zhdanovalukija@ikea.net
53957,Савельев Лукьян Давыдович,1982-08-17,F,stojan89@lenta.biz
80453,Корнил Викентьевич Вишняков,1910-02-14,M,emeljanzuev@lebedev.com
39994,Кошелев Тихон Измаилович	,1942-12-01,M,veselovemeljan@ip.biz
96262,Овчинникова Нинель Петровна,1918-06-25,M,smirnovselivan@oao.biz
60327,Святослав Григорьевич Филиппов,1958-03-11,M,svetlana59@oao.org
83461,тов. Селезнева Акулина Руслановна ,2020-04-29,F,darja_12@yahoo.com
70811,Королев Панфил Фёдорович,1926-12-19,M,evgrafshcherbakov@chtpz.net
87589,Брагин Викентий Глебович,1995-01-12,M,gerasim2010@yahoo.com
15601,Макаров Сила Ильясович,1956-04-12,M,jakushevapelageja@ao.biz
95942,Григорьева Анжела Робертовна,2014-07-10,M,orehovstanislav@velesstro.info
91814,Веселов Ладислав Харлампович,1979-10-17,F,vorobevasinklitikija@npo.info
50229,Александра Рудольфовна Сидорова,1933-03-12,M,yzatsev@npo.com
48823,Борис Тихонович Зиновьев,1953-11-02,F,aleksandrovratmir@gmail.com
50934,Анатолий Исидорович Рожков ,1952-09-15,F,ignatovanatoli@gurev.edu
92480,Агафья Андреевна Лыткина,1924-08-21,M,osipovvladlen@mazda.net
67998,Ефрем Германович Харитонов,1999-08-07,F,isa1989@yandex.ru
70858,Тимофей Глебович Прохоров	,1996-06-04,M,ivan2020@yahoo.com
62397,Сорокина Глафира Геннадиевна	,1943-07-29,M,nikodim81@rao.ru
74079,Людмила Ниловна Кузнецова,1959-07-29,M,evgraf_24@gavrilova.edu
36743,Лидия Феликсовна Беспалова,1937-11-24,F,ustin_1995@gmail.com
91135,Акулина Юльевна Пахомова,2012-09-11,M,saveli14@m.org
89473,Егоров Артем Валерьевич,2001-04-09,F,epetuhova@mail.ru
80131,Зуева Ольга Антоновна	,1927-02-20,M,zaharovbudimir@npo.info
96083,Прасковья Львовна Дорофеева	,1941-01-31,F,frolovemil@hotmail.com
24903,Фрол Юлианович Большаков,1917-01-15,M,ladislav_38@yahoo.com
94232,Фома Всеволодович Панов,2018-10-25,F,glafira_2011@drozdova.ru
59692,Новикова Глафира Леоновна,1911-04-29,F,platon2013@mumt.net
28821,Валерия Тимофеевна Наумова,2000-04-14,M,lavr_92@ao.info
87115,Михей Иосифович Туров,2011-07-27,F,vasilevaekaterina@mail.ru
50000,Панов Порфирий Адамович,1939-01-19,M,okopilova@ip.com
44204,Костина Полина Тимофеевна,2020-03-25,F,drozdovviktorin@yahoo.com
96316,Зиновьев Трифон Юлианович,1928-11-13,F,felikszaharov@ao.com
51777,Тарасов Лавр Артурович,1936-03-22,F,natalja26@yahoo.com
71623,Фортунат Афанасьевич Мишин,1972-06-28,M,sofija_19@yandex.ru
13639,Фирс Фёдорович Шестаков,2002-01-21,M,bespalovlavr@npo.edu
51074,Александра Максимовна Панфилова,1966-10-21,M,rjabovinnokenti@rao.net
77319,Орехов Исай Бориславович ,1935-12-13,F,fekla_43@rao.edu
67030,Силина Валерия Макаровна,1915-06-14,M,ignatevaeleonora@yahoo.com
75674,Николаев Авдей Изотович	,1930-10-19,M,denis2000@rambler.ru
18674,Белозерова Дарья Филипповна	,2001-02-28,F,osip_62@yandex.ru
54433,Максимова Эмилия Кузьминична	,2019-07-22,M,jakovlevamarfa@rao.biz
57566,Мартынова Октябрина Святославовна,1906-02-25,M,rogovanatalja@rambler.ru
23183,Афиноген Феликсович Михеев,2005-06-09,M,alla_78@yandex.ru
71354,Клавдия Сергеевна Красильникова,1923-05-23,F,zatsevfoma@zao.biz
96043,Фадеев Святослав Григорьевич ,1913-02-01,M,krjukovaanzhela@alfastrahovanie.biz
56984,Воронцов Савелий Арсеньевич,1970-01-06,F,germankrasilnikov@yahoo.com
79456,Матвеев Мефодий Фёдорович,2013-12-21,M,vatslavbeljaev@ooo.edu
40979,Ермолай Игнатьевич Фадеев,1958-07-08,F,timofe_30@tehinkom.net
76487,Антип Архипович Куликов,1908-09-25,F,fotibirjukov@yahoo.com
32662,тов. Блохин Лазарь Ефремович,1989-02-09,M,pankrati_18@ip.ru
44023,Гурий Всеволодович Фадеев,1923-05-28,F,hkostina@ip.edu
95738,Орлова Феврония Дмитриевна,2009-06-09,F,pankrati1981@yahoo.com
30543,Виссарион Игнатович Денисов ,1957-02-22,F,marfa35@zagorski.net
70009,Мариан Матвеевич Назаров,1988-07-28,F,fokinpimen@hotmail.com
13523,Некрасов Александр Андреевич,1946-10-17,M,bronislav_28@ooo.biz
32926,Елена Архиповна Игнатьева,1905-08-14,F,viktorija93@ao.info
87079,Овчинникова Светлана Тимофеевна	,1920-10-04,M,silinkondrati@mail.ru
95520,Натан Гордеевич Лазарев,1944-12-03,F,turovazhanna@yahoo.com
38365,Михей Георгиевич Фадеев ,1915-03-04,F,savvasimonov@yandex.ru
31751,Богдан Антонович Новиков,1976-12-05,F,evstigne_60@hotmail.com
85364,Ипатий Евсеевич Михеев,1946-03-12,F,tverdislav_1997@yahoo.com
68876,Всеволод Геннадиевич Мухин,1911-05-30,M,lihachevostromir@yahoo.com
72639,Антип Феодосьевич Михайлов ,1950-12-23,M,osip_29@ip.biz
99373,Измаил Абрамович Семенов,1915-10-23,F,dorofe2018@zao.org
40078,Шашкова Майя Антоновна	,1992-06-22,M,alarionov@maksidom.info
40857,Рябов Лавр Глебович ,1974-07-13,F,nikitinegor@ip.org
55738,Ершов Бронислав Богданович,2002-10-24,F,vikenti_2014@chernov.edu
34075,Аристарх Иосипович Осипов,2010-06-26,M,nikon1973@yahoo.com
31248,Галина Эльдаровна Соловьева,1914-10-17,F,tihon_37@ao.biz
17257,Лазарев Архип Фокич,1961-08-19,M,strelkovalarisa@yahoo.com
43144,Кузьма Тимурович Суханов,2004-12-25,M,judinjakub@rambler.ru
92647,Пахом Зиновьевич Анисимов,1977-10-30,M,lavrentevmilovan@oao.net
63114,Флорентин Филиппович Бобров,2019-05-07,F,pavlovjuli@npo.biz
48292,Потапова Вера Дмитриевна,1941-11-01,M,vitali1998@yahoo.com
56940,Гришин Николай Валерианович,1958-06-06,F,morozovanikita@npo.ru
51782,Одинцова Таисия Петровна	,1932-05-12,M,marija1984@zao.ru
11322,Максим Ефстафьевич Тихонов,1928-08-27,M,petrovermil@yahoo.com
94172,Колесникова Полина Макаровна,2000-05-11,F,fadeevpantelemon@mail.ru
30980,Харитонов Пров Теймуразович,1988-02-23,F,ipat35@kolesnikov.edu
84499,Одинцова Пелагея Михайловна,1989-03-27,M,konon06@gazprombank.info
98559,Кудрявцева Алина Тимуровна	,1998-10-14,M,nadezhda_2013@zao.com
48657,Лидия Юльевна Селезнева,1965-06-24,M,averki_2008@oao.biz
28875,Ангелина Харитоновна Тимофеева	,1920-06-29,M,maksimiljaneliseev@gk.com
21557,Раиса Андреевна Елисеева,1938-06-27,F,igor1975@zao.info
45729,Анжела Олеговна Пахомова,1957-12-09,M,zsharov@anisimov.info
78063,Рябова Ксения Тимофеевна,1970-10-08,M,agafja1998@rambler.ru
89418,Кир Харлампьевич Терентьев,2014-10-01,F,marija_2005@mail.ru
74869,Корнил Васильевич Евдокимов	,1931-02-24,M,oshchukina@ip.ru
39948,Шарапов Борислав Елизарович,2011-12-03,M,zosima_1983@vladimirov.ru
93645,Евфросиния Григорьевна Доронина,1946-04-20,F,vseslav46@zao.net
55476,тов. Павлов Сидор Измаилович,1938-07-29,F,angelina2004@rambler.ru
97374,Наум Ильясович Никонов,1965-07-12,F,gavrila2004@oao.org
48541,Дементьева Милица Вениаминовна,2003-05-19,F,tpotapova@npo.biz
99496,Меркушева Ульяна Владиславовна,1913-09-25,F,pavel11@mail.ru
67191,Калинин Ананий Марсович	,1973-03-24,M,proklveselov@zao.edu
35744,Егоров Ярополк Денисович,1993-02-28,F,ratibor_85@oao.biz
90941,Галина Даниловна Родионова,2006-04-17,M,sisoevkonstantin@ooo.org
75693,Лонгин Гертрудович Уваров,1929-01-02,F,kir_71@rambler.ru
87807,Акулина Станиславовна Кошелева,1907-09-27,F,veniamin_1996@stepanov.edu
59729,Евфросиния Геннадиевна Галкина,2016-06-16,F,valentina_1990@yandex.ru
42680,Харитонов Радислав Фролович,1906-01-05,M,braginaalina@yandex.ru
56680,Аксенов Епифан Алексеевич,1971-06-18,F,kornil_1972@npo.edu
61048,Наумова Оксана Валериевна,1970-03-30,F,petuhovamilitsa@rao.biz
63810,Бобылев Панкратий Тарасович,1996-04-27,M,hohlovaevgenija@zao.info
78768,Симон Тихонович Титов,1913-08-15,F,evgenija_1973@dementeva.biz
45291,Копылова Октябрина Георгиевна,2014-04-06,M,ljubomirlapin@ip.biz
17229,Ипатий Фомич Козлов,1938-07-09,F,kudrjashovjanuari@hotmail.com
95332,Пелагея Харитоновна Новикова,1938-07-11,M,aershov@yahoo.com
84075,Любовь Кузьминична Суханова	,2000-10-25,F,muravevdementi@hotmail.com
29839,Суворова Алла Геннадиевна,1953-10-21,F,prokofi2006@liga.edu
91743,Семенов Гедеон Юльевич,1952-02-18,F,kira1979@yahoo.com
41663,Автоном Владленович Комаров,1975-07-04,F,timofe_61@rambler.ru
66262,Зимин Онуфрий Трофимович,1992-06-12,M,turovfilimon@mail.ru
61899,Осип Анатольевич Миронов,1981-02-28,F,nestor_1978@ip.edu
92661,Капустина Мария Дмитриевна ,2018-09-13,F,rmjasnikov@gmail.com
67178,Никитина Элеонора Мироновна,1908-06-16,M,mechislav1980@yahoo.com
52786,Алина Феликсовна Бирюкова,1979-09-21,M,apollon_2018@mail.ru
17762,Марина Егоровна Борисова,1934-08-24,M,efrem_2006@ao.biz
29769,Рожкова Юлия Рубеновна,1925-03-03,M,bobrovamarija@yandex.ru
68343,Белова Ксения Борисовна ,1920-02-09,F,varfolome97@ip.org
55510,Ярополк Трофимович Логинов,1996-08-19,F,wzaharov@ip.edu
30981,Данилова Фаина Львовна,1909-07-14,M,mark_53@zao.org
35193,Мухин Лука Дмитриевич,1993-03-06,M,elise_2020@rao.biz
44491,Ефремова Евфросиния Михайловна,2013-06-22,F,kirillovferapont@npo.org
46476,Кулагин Демид Викентьевич ,1962-07-06,F,kolobovjuri@mail.ru
29910,Кириллова Юлия Яковлевна,1905-10-26,M,elena_99@gmail.com
71185,Лапина Людмила Матвеевна,1988-09-20,M,gordeevmark@henkel.info
35648,Зуева Елизавета Геннадьевна,1964-02-14,F,aleksandrovmakar@rao.biz
45722,Калинин Владислав Устинович ,1951-12-21,F,nina02@hotmail.com
72546,Лора Викторовна Агафонова,1982-02-17,F,kornil_1994@yahoo.com
55326,Дарья Михайловна Кузнецова,1910-06-13,F,yandreev@mail.ru
33455,Туров Зосима Харлампович	,1959-05-27,F,nestor2007@gmail.com
25192,Данилов Сильвестр Владленович,1951-05-19,F,izot_52@yahoo.com
82595,Клавдия Ждановна Пахомова ,2002-08-10,F,arhipovaanzhelika@rao.info
35645,Горбунов Ростислав Гавриилович,1973-11-11,F,kasjan79@yandex.ru
93026,Кабанова Ксения Антоновна,1968-11-12,M,kirkalinin@ao.edu
66429,Матвеева Ульяна Леоновна ,1976-06-15,M,nonna_1974@yandex.ru
75139,Наталья Степановна Суханова,2017-05-14,M,budimir73@krilov.org
58407,Авдеев Викентий Григорьевич,2010-06-04,M,akulina2016@rambler.ru
53159,Зоя Игоревна Волкова,1945-02-10,F,leonti16@yandex.ru
74123,Селиверстова Эмилия Рубеновна,2003-12-25,F,tignatov@mail.ru
20469,Вишнякова Александра Афанасьевна ,1989-01-31,M,modest1985@yandex.ru
54178,Юдина Лариса Харитоновна,1956-12-13,F,hpahomov@yahoo.com
83782,Игнатова Анжела Вениаминовна,1984-02-21,F,kirillovvsevolod@odintsova.net
13886,Лазарев Данила Жоресович ,1923-04-30,F,visheslav_2012@rambler.ru
21782,Лидия Кирилловна Гурьева,1932-04-07,M,znaumov@ooo.com
41282,Игорь Ермилович Стрелков,1920-12-06,M,bhohlova@oao.info
78782,Доброслав Валерьевич Лебедев,2014-10-09,F,feliks_2000@npo.com
19855,Иванна Даниловна Молчанова,2000-03-04,F,kondratizikov@pskovvtormet.info
12241,Эммануил Марсович Поляков	,1905-04-25,M,parfen2011@gruppa.org
40049,Моисей Изотович Евсеев,1981-01-26,F,panfilovilarion@hotmail.com
47076,Виктория Вячеславовна Лапина	,1991-05-27,M,snosov@hotmail.com
35996,Милован Игнатьевич Белов,1928-10-01,F,mnaumova@mail.ru
91009,Лонгин Елизарович Романов,1924-06-14,F,firs58@trest.ru
30269,Лобанов Егор Адамович ,1914-02-18,M,juvenali_62@ao.biz
42656,Лидия Захаровна Васильева,1934-02-19,M,averjangushchin@ao.com
13853,Зинаида Сергеевна Суханова,1912-08-23,M,stanimir2008@ip.ru
46718,Рожкова Прасковья Степановна ,1931-10-02,F,petrgerasimov@rambler.ru
94156,Жанна Николаевна Белоусова,1999-10-14,F,arhip08@ooo.org
70705,Анисим Юлианович Мартынов ,1973-10-26,M,agge15@rao.edu
67047,Антонова Александра Ждановна	,2004-02-10,M,kondrati_2012@yahoo.com
33074,Мефодий Давыдович Попов,1953-11-23,M,evgraf50@ip.info
59406,Никанор Тимурович Игнатьев	,1983-05-25,M,mefodirozhkov@npo.biz
72943,Эраст Денисович Мельников,2010-08-04,F,mihail40@yandex.ru
26980,Тамара Ниловна Горбачева,2011-10-22,M,xnikitina@zao.edu
70925,Никифоров Вацлав Фокич,2004-09-06,M,spartakfokin@gmail.com
17586,Молчанов Аркадий Васильевич,1915-04-10,M,ostromirmuravev@ooo.com
67243,Бобылев Валентин Исидорович,1973-12-23,F,selivan_47@hotmail.com
24900,Елена Сергеевна Лапина,2006-12-12,M,zgusev@ooo.info
65745,Олимпиада Вениаминовна Крюкова,1935-12-15,F,jtitov@zao.com
11664,Гремислав Ермилович Морозов	,1941-01-21,M,seliverst87@ip.info
62923,Олег Бориславович Борисов,1911-11-17,F,karl79@mail.ru
22504,Мстислав Эдгарович Орлов,1995-12-27,M,chernovazinaida@yahoo.com
76318,тов. Богданов Олимпий Герасимович,2007-03-28,F,arseni_94@gmail.com
25878,Агата Богдановна Данилова,1917-09-19,M,kondrat1977@rambler.ru
21685,Амвросий Юлианович Киселев ,2016-10-14,M,lobanovsavva@hotmail.com
50962,Фролов Панкратий Геннадиевич,2011-07-28,M,modest1970@npo.ru
24107,Богдан Демидович Орлов ,2013-09-15,M,alevtina39@ooo.ru
12885,Прохорова Элеонора Геннадиевна,1985-08-03,F,kirillgushchin@hotmail.com
29025,Пономарева Агафья Филипповна,1908-08-01,F,filippdrozdov@rodionov.info
76089,Евстафий Герасимович Козлов,2005-07-01,M,krasilnikovamarija@emeljanov.com
69760,Денисова Наталья Викторовна,1925-06-30,F,markovkuprijan@npo.net
61132,Самуил Венедиктович Рыбаков,1951-02-06,F,nsamsonova@ooo.biz
84309,Нифонт Феликсович Громов,1989-03-20,M,vladlen_58@oao.info
25765,тов. Бобылева Зинаида Павловна,1944-09-01,M,ponomarevaagafja@hotmail.com
17964,Ершова Марина Геннадьевна,2009-10-07,M,julija22@ip.ru
23572,Вера Антоновна Зыкова,1982-04-18,M,iraida_2008@yahoo.com
53920,Морозова Жанна Яковлевна	,1984-07-12,M,qanisimova@gmail.com
51858,Веселов Конон Вячеславович,2009-08-11,M,taras_1996@gmail.com
79104,Чернов Амос Викторович,1910-11-26,M,andre_33@yandex.ru
96665,Алевтина Наумовна Кулагина,1924-01-16,M,foma83@yahoo.com
17116,Мария Болеславовна Силина,1909-06-08,F,silinsvjatoslav@gmail.com
68927,Олег Аксёнович Голубев,1905-05-21,F,lobanovadarja@mail.ru
31155,Одинцова Вера Владимировна,2004-03-24,F,vladislavgorbachev@zao.net
40884,Сысоев Фрол Бенедиктович,1962-03-26,M,serge28@zao.net
35490,Крылов Вячеслав Терентьевич,1947-12-01,M,kudrjashovafevronija@gmail.com
17563,Елисеев Федот Владиславович,1962-12-09,M,djachkovafinogen@oao.com
69432,Борисова Элеонора Станиславовна ,1973-07-26,F,ignatovvasili@yandex.ru
84612,Кошелев Эдуард Андреевич,1976-06-01,M,ilinserafim@gmail.com
96796,Лыткин Станимир Демидович,2005-08-02,M,averjan2004@yandex.ru
93187,Устинов Ерофей Евсеевич,1995-08-16,F,nestorgordeev@mail.ru
97697,Агафонова Ольга Юльевна,1982-10-04,F,emeljanovferapont@velikolukski.com
75097,Нина Константиновна Кузнецова,1919-11-04,M,leonti74@oao.biz
91386,Андрон Александрович Мамонтов,1915-03-15,M,dementizuev@bolshakov.info
89911,Гурий Вилорович Воронов,1914-01-01,F,jkalashnikov@ooo.ru
18430,Всеслав Давыдович Гуляев,1936-10-21,F,kazimir_87@rambler.ru
31115,Якушев Кондратий Витальевич,1945-11-29,F,varlaam2011@yandex.ru
28454,Прохор Владиславович Исаев,1931-06-15,M,larisa_99@gmail.com
65423,Колобов Сократ Изотович,1948-08-05,M,anani_1986@ao.com
96988,Елизар Эдуардович Федоров,1928-06-25,M,marian1980@npo.org
20971,Лаврентий Гавриилович Фролов,2002-04-29,F,svjatopolk_86@hotmail.com
98496,Мина Васильевич Щукин,1963-10-17,M,ndoronin@oao.com
26116,Татьяна Афанасьевна Кузьмина,1984-11-03,M,apollinari1979@npo.biz
47995,Нифонт Геннадиевич Голубев,1931-12-23,M,savelevaevfrosinija@hotmail.com
69638,Леон Трифонович Кулагин,1960-11-18,F,tit42@yandex.ru
63997,Кондрат Егорович Борисов,1922-10-26,M,savvati_37@hotmail.com
64819,Рубен Ерофеевич Кошелев,1942-06-06,M,matve_54@yahoo.com
84430,г-жа Бобылева Надежда Максимовна ,1989-01-28,M,boleslavkapustin@yandex.ru
79787,Конон Александрович Волков,1985-05-15,F,yavdeeva@npo.edu
65663,Влас Артемьевич Иванов ,1939-01-31,F,zimindobromisl@rao.edu
44640,Агафья Юльевна Ефремова,2000-11-20,M,emilija_2010@hotmail.com
66812,Ульян Дмитриевич Орлов,2003-08-30,F,kapustinartemi@yahoo.com
82817,Куликов Демид Ефремович,1972-04-13,F,agge28@mail.ru
27532,Филимон Ильич Колобов	,2010-02-25,M,molchanovhariton@neste.com
31303,Пантелеймон Егорович Трофимов ,2000-01-17,F,kuzmagurev@mon.info
12842,Антонов Прокофий Дорофеевич,1907-07-04,M,kondratevhariton@ooo.com
73183,Пестова Октябрина Петровна ,1922-05-26,M,kuprijan_2003@gmail.com
12316,Автоном Фролович Гусев,1967-04-18,F,blohinanonna@irkutskaja.info
99539,Любим Демидович Титов,1992-03-02,F,evdokim1996@mail.ru
42059,Октябрина Мироновна Мамонтова,1988-03-20,F,saveli_53@oao.net
14083,Колобова Варвара Кирилловна	,1917-08-07,F,samsonovataisija@rambler.ru
60556,Ладимир Глебович Щукин,2005-05-07,F,fominbazhen@zao.org
65399,Мартынова Марфа Геннадьевна,2014-06-17,M,efremovsavvati@yahoo.com
75526,Юлия Захаровна Морозова,1976-12-11,M,sdementeva@npo.org
82101,Хохлов Станислав Демьянович,1976-04-09,M,jan2005@ip.com
10176,Сазонов Мартын Евсеевич,1920-05-22,F,romanovvatslav@gmail.com
57189,Ангелина Владимировна Полякова	,1928-08-08,M,muhinstojan@yandex.ru
69403,Анатолий Игнатович Колобов,1999-05-29,M,rjurik1989@yahoo.com
59829,Вероника Рудольфовна Матвеева,1920-12-02,M,turovazinaida@azbuka.edu
57949,Семен Геннадиевич Лазарев,1955-02-11,F,olimpiada_27@rambler.ru
47218,Варфоломей Феофанович Ермаков,1947-11-30,M,tmamontova@bragina.net
90471,Попов Амос Изотович,1924-06-11,M,noskovairaida@ooo.info
71669,Аполлон Ефимович Самойлов,1914-09-22,F,igromov@ooo.org
88370,Надежда Руслановна Тарасова,1992-11-19,M,demjan62@rambler.ru
79993,Евсеева Юлия Наумовна,1970-01-03,M,bronislav78@rao.edu
71306,Степанов Ратмир Бориславович,1924-05-26,F,poljakovdobromisl@oao.info
48532,Глафира Даниловна Фадеева,1974-08-15,M,noskovaanna@rambler.ru
36651,Кириллова Ульяна Леоновна,1930-08-29,M,odintsovfilimon@npo.org
17202,Марина Леоновна Полякова,1990-07-28,M,timofeevevgeni@rambler.ru
47179,Агафонов Радим Эдуардович,1945-01-14,F,georgi1991@ip.ru
84810,Светлана Олеговна Киселева,1990-07-15,F,kudrjavtsevsvjatoslav@ooo.org
44633,Милица Михайловна Бобылева	,1955-11-08,M,gordeevmechislav@rambler.ru
86694,Пономарева Наталья Григорьевна	,1930-01-28,F,pavlovdanila@ugs.org
75991,Матвеева Татьяна Владимировна,1948-11-15,F,bojan_20@yahoo.com
91011,Егорова Алевтина Мироновна	,1998-09-11,M,ljudmila_1975@rambler.ru
50789,Жданова Ирина Тимуровна ,1980-10-20,F,muhinaglafira@hotmail.com
30039,Ипат Фадеевич Бирюков ,1960-05-21,M,kliment_89@hotmail.com
28479,Устин Тарасович Костин,1919-10-19,M,svjatoslav_1990@ao.net
80673,Горбачева Марфа Даниловна,1919-03-20,M,zkirillova@ip.org
31420,Вячеслав Димитриевич Марков,2009-02-20,M,pestovaskold@ao.org
84069,Евстафий Якубович Киселев,1929-11-17,M,vjacheslav_1999@rambler.ru
18690,Лидия Владиславовна Ефимова	,1968-09-18,M,gavrila50@mail.ru
71104,Большакова Анастасия Юльевна,1993-11-16,M,onufri_90@zao.org
97541,Владлен Елисеевич Белоусов,1981-03-07,M,paramon_69@rambler.ru
83490,Блохин Мстислав Иосифович,1995-08-10,M,radovansazonov@aleksandrov.org
88358,Колесникова Полина Вениаминовна,1961-11-14,F,ippolit_11@yahoo.com
25305,Мир Филатович Власов,2000-07-29,M,svjatoslav1978@ao.biz
36952,Чеслав Ильич Селиверстов,2004-11-14,F,mitofanpoljakov@mail.ru
60916,Орехов Гурий Фролович	,1952-11-21,F,rjurik_07@zao.biz
12260,Савина Татьяна Руслановна,1976-05-24,M,antonovmili@npo.net
52026,Евпраксия Ефимовна Абрамова,2006-11-09,F,lavr_1999@hotmail.com
19459,Агафья Захаровна Степанова,2002-06-25,M,osipovaviktorija@yahoo.com
44105,Лазарева Зоя Кузминична	,1932-04-17,F,panfilovpimen@yandex.ru
76679,Данилов Панфил Иосифович,1959-01-14,F,leonid2008@yandex.ru
83838,Селиверстова Алевтина Сергеевна,1948-03-28,F,sgureva@yandex.ru
29762,Самсонов Модест Терентьевич,2001-01-29,F,vatslavsemenov@mail.ru
62286,Алина Валериевна Фокина ,1919-11-28,F,fominasinklitikija@ooo.org
78547,Савва Артёмович Бобров,1980-01-06,M,igor1991@gruppa.edu
83158,Маслов Ярослав Валерьянович	,2006-09-27,M,terentevaksenija@yahoo.com
26747,Павлов Тимофей Теймуразович ,1909-02-22,M,trofim_1970@hotmail.com
56378,Прохорова Лукия Сергеевна ,1908-12-30,M,mihalovafinogen@ip.edu
58442,г-жа Блохина Кира Борисовна,2017-05-18,M,romanovazhanna@gorbunova.edu
86782,Адам Дорофеевич Носов,1923-03-15,F,agge1994@yahoo.com
48834,Антонина Архиповна Веселова,1913-12-20,F,abeljaeva@hotmail.com
52603,Авдей Филатович Овчинников,2003-10-22,F,vishnjakovvaleri@udmurtneft.com
37728,Порфирий Исидорович Федоров,1905-04-07,M,borislav_2014@yahoo.com
53844,Красильникова Александра Андреевна,1940-10-25,F,pahom1981@antonova.edu
80579,Абрамова Елена Аскольдовна,1961-07-01,F,elise_2005@gmail.com
57571,Ангелина Тимуровна Яковлева,1946-11-24,M,fekla_93@yandex.ru
99433,Большаков Пимен Валерьевич,2002-08-31,M,fortunat_1985@yahoo.com
82521,Туров Агап Егорович,2006-09-15,M,eduard_92@hotmail.com
34438,Рогова Ангелина Ильинична,2019-06-08,M,xsokolova@gvsu.com
71412,Любовь Тимофеевна Максимова,2018-05-28,F,kuznetsovaljudmila@ooo.edu
17326,Евдокимов Викентий Викентьевич,2008-03-16,M,izotkirillov@ooo.edu
17710,Никон Еремеевич Мухин	,1955-08-28,M,julian_10@gmail.com
23872,Жанна Павловна Ситникова,2009-09-09,F,vromanova@mail.ru
73379,Екатерина Олеговна Панова,1958-01-28,M,irakli_98@zao.org
68056,Беспалов Аггей Ермолаевич,1983-12-07,F,filippovaekaterina@zao.edu
19266,Блохина Акулина Анатольевна,1952-09-28,F,fadeevmilovan@ao.ru
57331,Савелий Бенедиктович Сидоров ,1998-07-22,M,bolshakovnifont@oao.net
24362,Кононов Галактион Венедиктович,2003-01-01,F,rubenpopov@yandex.ru
63776,Спартак Даниилович Семенов,1944-05-03,F,vegorov@kolesnikov.ru
63590,Моисеева Прасковья Леоновна,2012-09-16,F,vkrasilnikov@yandex.ru
29109,Васильев Ладислав Аверьянович,1916-08-23,F,pahomovalarisa@zao.org
87727,Мирон Тарасович Щербаков,1943-02-10,F,borisovandronik@yahoo.com
27236,г-н Терентьев Евдоким Даниилович,1905-03-24,M,burovnazar@rambler.ru
18705,Ермил Брониславович Белов,1920-11-07,F,panfilovaskold@gmail.com
52728,Макаров Василий Гавриилович,1928-10-20,M,abramovanatalja@mail.ru
68509,Лазарева Синклитикия Вадимовна,1979-03-05,F,nkozlova@yandex.ru
94647,Анжела Вениаминовна Селезнева	,1947-01-15,M,pavel_2019@transbunker.net
81680,Калашников Ефрем Харлампьевич,1949-05-14,M,markstrelkov@titov.org
71844,Гуляева Иванна Ефимовна,1951-12-18,M,mironovadarja@yahoo.com
29590,Регина Антоновна Фокина,2018-12-08,M,kudrjashovaalevtina@hotmail.com
28265,Цветкова Тамара Валентиновна,1977-10-05,F,fedotovbogdan@ooo.com
85874,Александрова Ангелина Кузьминична,2012-11-16,F,januari_1972@rao.edu
36247,Моисеева Синклитикия Евгеньевна,1911-12-09,M,matve_2014@ooo.org
46234,Ираклий Денисович Матвеев,1994-08-28,F,arkadi1994@mail.ru
61112,Мухин Максимильян Евсеевич,1933-06-22,M,jakub25@rambler.ru
58550,Шилов Аникей Аверьянович,1940-05-05,M,aleksandr_2017@ooo.info
19828,Антип Витальевич Абрамов,1979-10-12,M,praskovja_55@yahoo.com
17386,Субботина Кира Наумовна	,1981-05-02,F,nazarovaakulina@yandex.ru
36935,Харлампий Валерьевич Потапов	,1964-09-18,F,maja_76@hotmail.com
99105,Карпова Виктория Константиновна,1967-10-17,F,vladimirovpantelemon@rambler.ru
22477,Фомичева Оксана Валентиновна ,1925-11-12,F,selivan67@mail.ru
21821,Громова Лора Николаевна,1953-05-03,M,gorde_1986@yandex.ru
67077,Зайцева Евфросиния Сергеевна,1905-01-08,M,gremislavjudin@gmail.com
39491,Синклитикия Борисовна Белова,1957-10-05,M,anastasija2015@mail.ru
75545,Евфросиния Ниловна Борисова,1986-12-14,F,bojan_2006@yahoo.com
11660,Прасковья Ильинична Воронова,1974-05-22,M,adrian1992@rambler.ru
37626,Евлампий Трифонович Шашков,1923-11-17,F,terenti00@gmail.com
68764,Шестаков Остромир Адамович ,2016-05-01,F,beliseeva@ooo.com
75885,Данила Теймуразович Силин	,1916-01-22,M,sergeevratibor@hotmail.com
52846,Матвеева Евпраксия Ефимовна	,1957-10-16,M,dorofeevairina@mail.ru
40032,Надежда Вячеславовна Дмитриева,2020-03-06,F,kirillmuravev@zao.net
84761,Надежда Ильинична Стрелкова,2009-07-28,F,zosima_05@oao.net
43732,Иванна Наумовна Якушева,1911-04-27,F,shubinaangelina@suhanova.com
87033,Сергеев Трифон Георгиевич,1956-03-30,F,sazonovprov@oao.info
15378,Флорентин Валерьевич Горбунов,1952-02-07,F,shchukinantip@dementev.com
88862,Лука Бориславович Тимофеев ,2016-10-20,F,kir35@yandex.ru
39607,Филипп Яковлевич Романов,1913-02-25,F,bogdanstrelkov@gmail.com
88889,Феоктист Валентинович Самсонов	,1966-12-04,F,fotijakovlev@ooo.ru
82308,Артемьева Нина Георгиевна,1980-02-06,F,kuzminatamara@yahoo.com
48793,Шарова Анастасия Алексеевна,1995-04-30,F,valentin1984@kuzmin.info
94679,Игнатова Ия Ивановна ,2017-12-15,F,olimpiada_1979@yaguar.edu
74364,Калинин Прохор Ануфриевич,1937-05-23,F,artemi2004@oao.org
52402,Ермолай Яковлевич Бобылев,1907-05-23,M,medvedevmoke@ip.net
97359,Валерия Кузминична Мясникова,1939-05-31,M,minabirjukov@ip.ru
20812,Белякова Кира Кузьминична,1916-04-09,M,cignateva@zaharova.edu
70350,Сократ Игнатьевич Самсонов,2016-12-20,F,ernestgurev@yandex.ru
66882,Варфоломей Абрамович Герасимов,1937-01-03,F,osipovepifan@hotmail.com
63987,Емельянов Глеб Августович	,2006-02-13,M,wlazarev@rambler.ru
18839,Сергеев Никон Тарасович,1958-02-11,F,kallistrat01@ip.net
58982,Исаев Бажен Артурович,2005-03-09,F,julian1975@yandex.ru
60762,Анастасия Валентиновна Мартынова,1965-07-14,F,mokeartemev@hotmail.com
69562,Кира Рудольфовна Ефремова,1978-08-21,M,pavel_98@rao.info
10357,Евсеев Селиверст Аверьянович,2018-07-20,F,krogov@mail.ru
98445,Уварова Антонина Антоновна	,1913-04-15,M,evdokija76@gmail.com
57117,Козлова Евдокия Викторовна,1908-07-06,M,filaret_2002@hotmail.com
70909,Новиков Родион Афанасьевич,1934-08-17,M,moiseevasvetlana@yandex.ru
86322,Колобов Виталий Игнатович ,1913-12-04,M,filaretgordeev@yandex.ru
52182,Шилов Максим Захарьевич,1972-12-18,F,osipovleonti@rambler.ru
36940,Тит Марсович Ширяев,2005-07-06,M,artemi84@shirjaeva.org
51618,тов. Шилов Кондрат Алексеевич,2000-07-20,F,tarasovprokl@hotmail.com
38943,Надежда Дмитриевна Данилова,2003-10-11,F,maksimhohlov@hotmail.com
60703,Мартынов Селиверст Иларионовичх,1959-07-21,F,ershovleonid@rambler.ru
14956,Станислав Арсеньевич Волков,2006-12-27,F,blinovipati@npo.net
36659,Ратибор Васильевич Журавлев,1996-03-06,F,andrezatsev@gmail.com
84342,Крюков Савватий Арсеньевич,1988-06-08,M,danilovamvrosi@gromova.biz
86895,Григорий Данилович Зайцев ,2009-03-25,M,kliment02@mail.ru
69901,Ефремов Петр Виленович ,2008-02-13,F,akim1970@ip.info
60491,Елисеев Гостомысл Александрович,1981-05-30,M,sergeevasvetlana@ooo.edu
77287,Пономарев Ярослав Владиленович	,1916-08-11,F,ksenija_2010@rao.info
85783,Пахом Григорьевич Филиппов	,1968-09-20,F,vikentilazarev@hotmail.com
21189,Эраст Захарьевич Петров,1933-08-23,F,vatslav1986@ooo.info
57870,Мартынова Тамара Никифоровна,1934-07-30,M,bobrovanisim@gmail.com
55187,Ситникова Александра Романовна,2020-06-03,M,nikonovorest@gmail.com
16021,Макарова Валерия Станиславовна,2010-10-26,F,veniamin_2010@segezha.ru
22295,Игнатов Герман Фокич,1917-01-19,F,leonid_52@rambler.ru
99454,Кудрявцев Дмитрий Марсович,2009-10-10,M,ofadeev@mail.ru
44324,Трофим Фёдорович Смирнов,1906-06-07,F,mkudrjashova@ao.net
22744,Елизавета Кузминична Баранова ,1974-08-15,M,kalininratibor@komarov.biz
66273,Майя Ждановна Родионова	,1979-04-18,M,nazar_1971@gmail.com
72891,Беспалова Евпраксия Даниловна	,1971-07-04,M,krjukovaalla@zao.org
84254,Трифон Зиновьевич Аксенов	,1984-12-17,M,markovuljan@yandex.ru
14363,Александров Климент Исидорович	,2014-10-07,M,efimovasofija@mail.ru
83811,Станимир Ефимович Лапин,1965-12-06,F,suhanovpantelemon@mail.ru
25744,Борисов Ярополк Августович,1963-05-16,M,arhipovsilvestr@zao.com
36579,Иларион Иосифович Фролов,1957-02-13,F,epifan2002@rambler.ru
42134,Анастасия Руслановна Фролова	,2005-12-04,M,viktorin56@hotmail.com
79354,Любим Харлампович Марков,2003-10-18,F,polina_92@rao.org
24063,Лучезар Изотович Юдин,1943-11-25,F,andre88@mail.ru
59799,Флорентин Гертрудович Симонов,1993-10-06,F,kotovanaina@yandex.ru
56644,Самойлов Давыд Тарасович,2007-06-03,F,bespalovaemilija@oao.net
32905,Громов Чеслав Феоктистович,1982-05-10,M,qzikov@rao.ru
74304,Кирилл Аксёнович Зуев,1929-05-26,F,ignati_13@npo.com
35483,Медведева Эмилия Борисовна,1909-03-15,M,semenovvissarion@gmail.com
84693,Исай Борисович Цветков	,1910-06-15,F,ljudmila12@hotmail.com
70077,Анисим Борисович Ильин	,1982-01-14,M,oktjabrina_25@relaljans.net
23336,Исаков Галактион Харитонович,2010-05-12,F,fedorovaanastasija@mostransavto.org
82708,Лукин Любосмысл Авдеевич,1908-03-25,F,krasilnikovgavrila@gmail.com
71151,Артемьев Игорь Фокич,1947-07-27,M,ignatiponomarev@ip.biz
10458,Савва Артемьевич Большаков,1991-10-02,F,mjasnikovapraskovja@zao.org
81901,Юлия Васильевна Зайцева,1944-06-16,M,amos_1979@yahoo.com
91837,Алла Ильинична Журавлева,1975-05-08,F,martjan_46@ao.ru
25262,Марфа Богдановна Петухова,1983-11-25,M,ksenija32@gmail.com
39504,Леон Давыдович Третьяков	,1954-04-11,F,shashkovnaum@yahoo.com
49198,Ия Эдуардовна Селезнева,1962-03-19,F,rgavrilov@hotmail.com
97765,г-н Белов Наркис Ермолаевич	,1937-03-19,F,mitofan_01@gmail.com
45509,Якушев Парфен Гаврилович,1952-08-03,M,grigorevmefodi@hotmail.com
26385,Любовь Ивановна Зиновьева,1999-12-05,F,averkisafonov@zao.net
38534,Чернова Нонна Ефимовна,1943-06-16,F,vasili1990@rao.net
82267,Ольга Федоровна Агафонова,1922-02-26,M,astrelkov@mail.ru
52021,Елизавета Рубеновна Чернова,1967-03-03,M,viktorija_07@mail.ru
75960,Крылов Венедикт Викентьевич ,1927-07-31,F,jakovlevaristarh@hotmail.com
37405,Фадей Феодосьевич Фролов	,1908-08-14,M,kalashnikovignati@gmail.com
25110,Вячеслав Абрамович Егоров,1930-02-25,M,kopilovamilitsa@rao.org
29739,Белов Ираклий Феоктистович,1984-01-10,M,sitnikovorest@hotmail.com
95543,Гурьев Емельян Игнатьевич,1945-03-17,M,zuevgorde@rambler.ru
42383,Беляева Наталья Ниловна	,1964-09-18,M,mrodionova@rambler.ru
11180,Лев Харлампьевич Калинин,1988-03-22,F,radimaksenov@rambler.ru
77977,Степанова Синклитикия Михайловна,1982-12-10,F,ija_2012@mironov.net
61527,Бажен Артемьевич Афанасьев,1975-11-07,M,yveselov@rambler.ru
37732,Ферапонт Аксёнович Мишин ,2008-02-20,F,lihachevegor@ip.ru
25360,Яковлева Ирина Архиповна	,1967-10-16,F,grigori81@rambler.ru
62342,Моисей Арсенович Пахомов,1975-08-21,F,lbaranova@rambler.ru
14624,Карпов Каллистрат Марсович,1973-09-08,F,silinkonstantin@ershova.net
93826,Акулина Егоровна Филатова,1955-09-01,M,efim2014@silin.net
29727,Ия Артемовна Белоусова	,1920-04-01,M,kondratevratmir@zao.org
99822,Сафонова Глафира Геннадьевна,1935-09-21,F,ivan_1994@ooo.biz
25523,Олимпиада Юрьевна Кулакова	,1928-08-31,M,anisim_2006@yandex.ru
67409,Агата Тимофеевна Котова,1997-01-03,F,marina_2016@oao.ru
25945,Елисеева Светлана Сергеевна,1953-10-19,M,nikitinazoja@gmail.com
29546,Игорь Еремеевич Воробьев,2019-01-07,M,tvorimir_1997@mms.ru
78654,Щербакова Кира Петровна,1904-06-19,F,beljaevevstigne@yahoo.com
71115,Кошелева Надежда Яковлевна,1978-06-14,F,miheevvatslav@gruppa.org
20659,Туров Георгий Давидович,1995-12-18,M,kozlovavarvara@mail.ru
14455,Гостомысл Алексеевич Гурьев,1945-05-09,F,lihachevaaleksandra@zao.ru
64293,Степанова Людмила Ильинична,1953-01-17,M,praskovja_2020@yahoo.com
85870,Игорь Викентьевич Хохлов,1913-10-04,F,komissarovkirill@avtodom.net
64072,Авдей Ермолаевич Шашков	,1956-04-17,M,lukija_45@oao.edu
20761,Гуляева Татьяна Станиславовна,1992-02-20,F,lora_1972@rambler.ru
10547,Новикова Синклитикия Вячеславовна,2019-05-14,M,nikifor_1997@gmail.com
24292,Тихон Давыдович Поляков,1976-06-19,M,nikola2005@hotmail.com
48754,Анисимов Христофор Трофимович,2019-06-02,M,filaretfilatov@ooo.edu
37000,Поликарп Давыдович Тимофеев,2000-04-18,F,haritonovamargarita@oao.biz
81169,Галина Евгеньевна Овчинникова,1915-09-11,M,filimonblinov@rambler.ru
50651,Колобов Савелий Герасимович,1996-05-05,M,ykolesnikov@zao.net
14705,Бобылев Эрнст Ануфриевич ,1974-12-23,F,porfiri1977@veselova.biz
15863,Алексеева Евгения Кузьминична,1952-11-02,M,kopilovolimpi@ip.ru
70678,Антонина Оскаровна Субботина ,1958-07-04,F,sustinov@oao.edu
43979,Большаков Гурий Архипович,2017-08-03,F,sofija1973@denisova.biz
68216,Абрамова Анжела Антоновна,1922-09-17,M,anzhelika1987@ao.biz
79344,Константинов Аггей Трифонович,1950-03-29,M,sharovsvjatopolk@yahoo.com
48805,Евгения Павловна Ситникова,1995-08-03,M,jmorozova@gmail.com
93508,Федоров Фрол Исидорович,1947-11-03,M,evstignejudin@hotmail.com
60669,Феврония Макаровна Наумова,1972-08-05,F,agap03@yandex.ru
52385,Кошелев Остап Арсенович,1943-12-12,F,zhdanovamarina@ao.ru
71332,Костин Тит Валерьевич,1978-02-16,F,fadeevkondrat@rambler.ru
37704,Елизавета Юльевна Фадеева,1918-08-07,F,nmerkushev@rambler.ru
14218,Симонова Анжела Вадимовна,2008-02-19,M,safonovljubomir@ooo.com
30418,Анастасия Ниловна Бурова,1973-09-19,F,lapinanani@maksidom.com
46025,Мстислав Архипович Савин,1922-04-04,F,gpanfilov@magnolija.com
35590,Евдоким Якубович Калашников,1947-12-04,F,kshilova@mail.ru
39228,Гордеева Эмилия Робертовна	,2020-02-06,M,jakov04@mail.ru
18318,Юлия Матвеевна Стрелкова,1968-02-28,M,simon_10@yahoo.com
27125,Беляев Ипполит Адрианович,1907-07-17,M,timur2019@hotmail.com
98160,Котов Аполлон Глебович,1987-03-28,M,avgustsamsonov@mail.ru
39895,Галактион Авдеевич Калашников ,1929-03-16,M,petr_2014@ip.ru
17677,г-н Блинов Мирослав Федотович,1998-04-14,F,izmail19@vorontsov.biz
88824,Панфилов Тихон Иларионовичх,1949-11-11,M,maksimovaoksana@marija-ra.com
37887,Гаврилова Валерия Георгиевна,1951-07-15,F,konondenisov@npo.com
15279,Кабанова Светлана Захаровна,1934-08-12,M,klavdi_04@yahoo.com
34662,Медведев Эдуард Ильясович,1985-01-21,M,arhipefremov@ip.com
11718,Акулина Аскольдовна Шестакова,1923-10-24,M,tmironov@ip.com
92137,Фока Жанович Исаков	,1980-02-26,M,parfenkomarov@ooo.com
78090,Никанор Викторович Гаврилов,1969-03-09,F,vladislav14@ip.com
76138,Анна Болеславовна Алексеева	,1996-08-24,F,titovkarl@rusenergoresurs.net
83197,Сафонов Феликс Иларионовичх ,1979-09-12,M,elizaveta_1990@gmail.com
35556,Пелагея Оскаровна Лазарева,1985-05-05,M,bojan_1973@hotmail.com
15569,Соболев Еремей Витальевич,1930-09-01,M,svjatopolk99@yandex.ru
35663,Лука Матвеевич Наумов ,2016-06-01,M,harlampi1974@prodo.net
19896,Клавдия Кузминична Журавлева,1944-01-18,F,tihonovepifan@yahoo.com
86456,Таисия Анатольевна Потапова,1914-04-10,F,zhdanovporfiri@ip.net
15278,Моисеева Юлия Дмитриевна,1997-08-31,F,agafon_86@mail.ru
78058,Мельников Мефодий Давыдович,1949-01-30,M,gostomisl13@transmashholding.org
31946,Никифорова Ульяна Владиславовна,2001-08-08,F,semen_25@mail.ru
50251,Самойлов Захар Фёдорович,1980-03-18,F,lavr1978@oao.biz
97538,Максимов Мариан Васильевич,1982-12-01,M,luka1989@rambler.ru
72323,Василий Матвеевич Фокин	,1985-05-11,F,gavrilovanike@nova.edu
26508,Мишина Ирина Федоровна,1960-01-30,F,jakovlevdobroslav@mail.ru
54282,Селиверст Валерьевич Дементьев,1931-03-18,F,klavdija_2006@hotmail.com
79290,Потапова Анастасия Тарасовна,1952-07-11,M,seleznevefrem@mail.ru
13641,Соловьев Пантелеймон Ефимович,1958-01-20,F,lukajudin@gmail.com
45610,Марфа Петровна Кошелева,1910-05-04,F,kasjan1983@yandex.ru
43190,Назарова Евфросиния Семеновна,1991-03-31,F,titovaristarh@ip.com
64514,Феврония Андреевна Мишина,2018-09-26,F,spiridonkornilov@ao.ru
61713,Ипатий Ефимьевич Мишин,1914-02-21,M,bogdanshubin@investneftetred.edu
18550,Агата Харитоновна Голубева,2001-08-31,F,samson_99@yahoo.com
55928,Лазарева Евдокия Павловна,1908-11-08,M,evdokimzhdanov@merkusheva.net
27120,Прасковья Яковлевна Елисеева,1959-06-06,M,kapitonzimin@yahoo.com
58827,Исакова Элеонора Леонидовна,1908-04-29,F,zuevkarp@ooo.org
21288,Евдокимов Андрон Эдуардович,1910-10-18,F,gordeevaelena@ooo.edu
13839,Вишняков Марк Владиленович,1977-10-02,F,elizar68@mail.ru
71618,Зимин Лавр Трофимович,1993-11-11,F,strelkovpotap@hotmail.com
34575,Октябрина Рубеновна Большакова,1973-04-09,M,konstantin_1979@ignateva.biz
84647,Белозерова Зинаида Леонидовна ,1910-01-19,M,sitnikovtihon@gmail.com
96206,Белякова Кира Святославовна,1940-02-22,F,klimentfomin@katerpillar.com
10581,Лукия Игоревна Родионова ,1972-08-09,F,eliseevalora@oao.ru
23963,Светлана Олеговна Фомичева,1908-05-11,F,isakovtit@saveleva.net
24319,Кузнецов Фотий Ааронович	,1977-06-07,M,blinovmartjan@glenkor.net
53243,Капустина Наталья Леонидовна	,1990-05-07,M,ipati1978@hotmail.com
26587,Элеонора Борисовна Копылова,1950-03-29,F,stanimir77@evdokimova.edu
75387,Ширяев Бронислав Абрамович,1958-10-09,F,maslovkondrat@ao.net
91892,Казакова Ия Рудольфовна,1994-07-20,F,denis53@yandex.ru
67442,Большакова Зинаида Макаровна,1957-04-25,M,artemi_2006@rao.ru
14830,Баранов Ираклий Филиппович,1949-12-08,F,azarivishnjakov@sk.net
45501,Михеева Агафья Олеговна	,1993-01-03,M,eleonora1978@npo.ru
30847,Логинов Устин Васильевич,2008-08-10,M,julian_53@ip.net
61369,Панкратий Григорьевич Нестеров,1985-01-02,F,wbragin@zao.info
86514,Потапова Марина Анатольевна,1921-12-27,F,knjazevaevgenija@mail.ru
77006,Муравьева Екатерина Игоревна ,1981-05-11,M,kulikovostromir@tretjakova.edu
36532,Марина Никифоровна Гурьева ,1984-09-04,F,anikita_56@hotmail.com
92011,Хохлов Варлаам Чеславович,1955-02-14,F,bmjasnikova@yahoo.com
60736,Венедикт Ильич Лыткин,1990-11-10,M,kira2002@ao.net
81071,Никанор Алексеевич Никонов,1963-10-04,M,filaretsmirnov@rambler.ru
21082,Емельянов Аверкий Игоревич,2009-03-25,M,romanstrelkov@rambler.ru
21844,Сидоров Яков Данилович,1942-09-06,F,vsevolod_1984@yandex.ru
98837,Клавдия Александровна Ширяева,2008-04-19,M,vishnjakovgerasim@yandex.ru
49852,Анисимова Ангелина Юрьевна,2017-03-25,M,blinovgrigori@mail.ru
61926,Бажен Валерьевич Копылов,1911-09-21,M,birjukovfortunat@ip.net
72711,Пахомов Аскольд Александрович	,1997-08-02,M,milovanzhuravlev@gmail.com
21119,Тамара Тарасовна Кириллова ,1984-03-13,F,natan40@ip.ru
32434,Азарий Викентьевич Фролов	,1995-08-09,M,mihe59@mail.ru
67441,Федот Даниилович Коновалов	,1983-10-07,F,yzuev@yahoo.com
33101,Якуб Захарьевич Коновалов,1949-10-08,M,komissarovaviktorija@rambler.ru
56596,Овчинникова Виктория Яковлевна	,2019-01-15,M,evgrafbeljaev@oao.edu
82415,Агата Рудольфовна Лаврентьева ,1955-12-30,M,anisimovaanna@ooo.info
56913,Афанасий Харламович Галкин ,1911-03-01,F,svjatoslav_1978@mail.ru
19237,Мария Викторовна Исакова,1907-06-22,M,osip2008@gorshkov.ru
39914,Ершов Рюрик Гаврилович,1988-03-24,M,pavel77@yahoo.com
34900,Ковалева Марина Владиславовна,2019-01-12,F,aristarh62@ip.com
57775,Антонина Мироновна Федорова,1946-03-27,F,gennadifedorov@yandex.ru
37565,Колесников Аникита Абрамович,1921-01-31,F,zhdanovpimen@oao.net
33849,Глафира Федоровна Мельникова,2011-07-14,F,korolevartem@mail.ru
99834,Вышеслав Феликсович Сидоров,2012-01-13,M,maksimovnestor@zao.info
39745,Пахом Антипович Лапин,1946-11-26,M,zinovevaalla@kulikova.org
63830,Борисов Юлиан Марсович,2019-04-02,M,lora2018@yahoo.com
49194,Мишина Лукия Аскольдовна,1948-01-18,M,mefodieliseev@yahoo.com
75922,Комиссаров Варфоломей Демьянович,1981-04-07,M,martin71@moskovski.info
67817,г-жа Сорокина Алина Харитоновна,1929-02-14,F,utrofimova@renessans.net
25293,Ирина Петровна Лаврентьева,1944-06-02,M,kstrelkova@mail.ru
78036,Кузьмин Изяслав Игнатьевич,1976-10-07,M,dgolubeva@oao.biz
59933,Абрамов Флорентин Ярославович,2001-11-30,M,naum2016@ip.org
24351,Аггей Федосьевич Силин,2004-03-28,F,sharapovamarfa@hotmail.com
23892,Громова Анжелика Ждановна,1942-11-01,M,hariton_56@npo.info
95597,Абрамов Николай Исидорович,1913-03-28,M,vladimirovvarfolome@ooo.info
87189,Елисей Ефстафьевич Шаров,1933-08-23,F,ostap1989@yandex.ru
36581,Александра Романовна Воронцова,1941-04-05,F,izjaslav_1982@rambler.ru
56188,Никитин Василий Трифонович,1950-08-22,F,xsamsonov@hotmail.com
87568,Кириллова Эмилия Антоновна,2005-02-26,M,amvrosi75@lebedeva.com
32571,Шестаков Филарет Фокич ,1953-08-05,F,braginjuvenali@mail.ru
98418,Тарасов Галактион Авдеевич,1911-05-21,F,semen1970@gmail.com
75354,Шашкова Светлана Степановна	,1927-01-29,F,merkushevevse@oao.biz
46160,Мельникова Валентина Львовна	,1929-07-20,M,froloveduard@agafonova.org
28516,Лебедев Никандр Данилович,1931-05-25,M,avdeevvjacheslav@ao.biz
41367,Меркушев Болеслав Виленович	,1974-12-18,F,karlrodionov@gmail.com
74098,Лихачев Бронислав Геннадиевич,1981-09-24,F,olimpi34@zao.org
98441,Филарет Георгиевич Кириллов ,2016-04-04,F,ladimir_1979@zao.com
61254,Кошелева Элеонора Станиславовна,1907-05-18,M,prokl_72@pavlova.ru
73132,Игнатьева Вероника Болеславовна,1913-09-11,M,tatjana1972@basf.ru
57111,Борисова Варвара Болеславовна	,1945-10-27,F,kudrjavtsevgalaktion@ooo.info
32271,Давыдов Бронислав Дорофеевич,1945-06-26,M,noskovaija@ip.edu
79289,Третьяков Глеб Ефстафьевич,1943-03-01,M,roman2003@mail.ru
11957,Лора Станиславовна Носова ,2018-07-24,M,vladlen69@rao.edu
44562,Ефремова Нинель Семеновна,1957-01-28,M,medvedevferapont@npo.ru
79775,Светлана Борисовна Соболева	,1924-08-20,F,efim86@yahoo.com
82671,Веселов Лонгин Ермилович,1980-10-15,M,gavrilovalora@gmail.com
54359,Григорьева Прасковья Болеславовна,1964-05-13,F,ilinsokrat@ooo.info
38830,Устинов Мина Анисимович,2013-03-16,M,rogovaangelina@krilova.org
69230,Гаврилова Алина Евгеньевна,1938-03-23,M,onikolaeva@hotmail.com
27187,Никифорова Антонина Аркадьевна	,1954-05-03,F,leon13@ooo.edu
44902,Архипова Ия Рудольфовна,1999-10-18,F,mamontovaanastasija@yandex.ru
79155,Кононов Филарет Эдгардович,1973-03-20,M,uljan_09@rambler.ru
99804,Антонин Георгиевич Медведев,1985-06-15,F,evgenija28@gmail.com
99674,Калинин Казимир Фролович ,2008-07-22,F,drozdovaninel@mail.ru
56960,Алла Владиславовна Фролова	,1911-03-27,M,shirjaevtvorimir@mail.ru
37539,Дарья Альбертовна Миронова,2016-06-23,F,markovamaja@ooo.net
75672,Филиппов Всеволод Игоревич,2016-09-12,M,ksenija_1993@yahoo.com
92948,Калашникова Екатерина Васильевна,1962-04-10,M,beljaevamarija@nikiforova.org
25109,Фролова Раиса Святославовна,1948-02-05,M,filippovevgeni@yandex.ru
35532,Корнилова Евгения Юрьевна,1994-11-12,M,kmihalova@rao.biz
92305,Любовь Ефимовна Александрова ,1936-11-28,F,anike87@kompanija.org
75186,Сафонов Ульян Демьянович,1998-04-28,M,isitnikova@yahoo.com
95844,Оксана Даниловна Власова,1938-03-05,F,gavrilovatatjana@savin.net
27195,Рябова Олимпиада Николаевна,1932-03-13,M,vladimirovavalentina@yandex.ru
35376,г-жа Горбунова Александра Рубеновна,1961-04-20,M,erofe1996@mail.ru
72782,Кир Богданович Горбунов,1918-06-14,F,selivan_1989@ao.ru
42945,Пономарев Иннокентий Трофимович,1956-09-10,M,kir24@rm.info
74688,Наум Эдуардович Филатов,1986-12-14,M,lavrenti_87@zao.com
32227,Красильникова Милица Борисовна ,1980-10-31,F,krilovkarp@yandex.ru
92596,Борисов Лука Ермолаевич,1905-10-16,M,ninel_1981@lavrenteva.ru
66260,Титова Олимпиада Натановна,1978-08-01,F,orehovamilitsa@mironova.net
58077,Моисей Григорьевич Миронов ,1911-05-05,F,kirillovsamson@gmail.com
43579,Евфросиния Степановна Николаева,1913-01-23,M,yignatov@zao.ru
11007,Самсон Тихонович Агафонов,2008-08-01,F,denisisaev@ip.biz
89223,Бурова Синклитикия Олеговна,2009-09-27,F,kiselevelizar@alekseev.biz
37184,Савва Абрамович Копылов,1955-07-27,M,ratmirburov@zao.org
49055,Лора Тимуровна Кулакова,2002-04-17,F,pavel94@oao.org
13865,Михайлова Алла Альбертовна,1999-04-06,M,avishnjakova@hotmail.com
76819,Захар Гордеевич Молчанов,1976-01-03,M,lazarevairina@avesta.ru
30623,Светлана Тимофеевна Колобова,1956-07-30,F,terentevadam@rambler.ru
63178,Костин Денис Исидорович,1992-01-05,M,filatovgeorgi@yandex.ru
68946,Кошелева Светлана Егоровна,1912-11-26,M,nikolaevgedeon@oao.net
22887,Лукия Станиславовна Рожкова ,1954-08-12,F,angelina76@mail.ru
38483,Юдина Евфросиния Захаровна,1922-09-22,F,amos67@strotransneftegaz.edu
81039,Самсонов Дементий Устинович,1947-03-10,M,innokenti_30@rao.info
71178,Дарья Евгеньевна Носова,1938-02-16,F,komarovaanzhelika@yahoo.com
48672,Игнатий Яковлевич Пестов,1917-10-06,F,zhdanovoleg@vad.info
26297,Дарья Даниловна Устинова,1962-11-23,M,shirjaevnikanor@mail.ru
23594,Калашников Бронислав Андреевич,2003-10-14,M,artemevsila@hotmail.com
43291,Нестор Устинович Виноградов	,1959-04-14,F,ljubosmisl_25@nikiforova.biz
70975,Щукин Ратмир Андреевич	,1914-03-07,F,moise85@mail.ru
34314,Ольга Альбертовна Моисеева ,1955-07-18,M,kbirjukov@ao.com
60261,Лихачев Харлампий Германович,1976-04-03,F,mihail_1976@en.ru
28348,Милен Изотович Гуляев,1980-01-15,M,petrovladimir@yahoo.com
14671,Гуляева Майя Сергеевна,1920-08-04,M,martjan68@hotmail.com
12409,Некрасов Петр Фадеевич,1947-02-21,M,mstislav_41@rambler.ru
77628,Одинцов Спартак Гертрудович,2006-02-15,F,mechislav_17@yandex.ru
74399,Милован Филимонович Шубин,1908-10-27,F,juri2007@mail.ru
46645,Баранова Александра Натановна,2007-05-04,F,pkulikova@hotmail.com
42155,Элеонора Афанасьевна Семенова,2009-09-27,M,velimir1970@zao.com
79495,Баранова Анастасия Эльдаровна,1941-09-03,F,abramovernest@gmail.com
75536,Корнилова Надежда Тарасовна,1929-12-29,F,martin88@ooo.edu
63147,Гурьева Нонна Борисовна,1968-04-29,M,nestorkulagin@npo.net
31036,Агата Никифоровна Харитонова,1970-02-15,F,ppetuhov@yandex.ru
56701,Горбунов Остап Васильевич,1990-01-23,M,budimir_1994@yahoo.com
78297,Тамара Евгеньевна Пахомова,1925-12-20,F,antonovamarfa@gosudarstvennaja.biz
13501,Шубин Ярослав Матвеевич,1998-04-20,F,nestor2002@yahoo.com
86689,Мельников Ефим Фадеевич ,1979-12-15,M,akulina_1990@ooo.com
49762,Гущина Лариса Игоревна,1995-05-13,F,avtonom43@yahoo.com
39654,Ксения Даниловна Гущина,1987-05-07,F,borisovaekaterina@mail.ru
77866,Порфирий Терентьевич Трофимов,1989-01-03,M,harlampishcherbakov@mironov.biz
57749,Клавдия Леоновна Агафонова	,1928-03-03,F,kirdjachkov@zhuravlev.ru
83434,Анжелика Наумовна Воронова,2003-04-12,M,anike53@oao.ru
33380,Суворов Лучезар Евстигнеевич	,1999-10-10,M,valerjan2003@npo.info
61883,Маслова Нинель Эдуардовна ,1906-02-02,M,nesterovvasili@gmail.com
63921,Галактион Филатович Зуев,2003-08-15,F,strelkovanina@potapov.net
95054,Белозерова Вера Васильевна,1913-10-25,F,mjasnikovvalentin@ao.info
28525,Зиновьев Аскольд Феодосьевич	,1943-03-07,F,trofimguljaev@detski.info
33861,Елена Рудольфовна Симонова,1960-01-05,M,lebedevleon@npo.com
69581,Воробьева Евпраксия Геннадиевна,2002-12-13,F,ponomarevazoja@komissarov.edu
36033,Анжела Григорьевна Гришина ,1977-05-27,M,rodionovmili@ao.edu
31615,Сорокин Казимир Авдеевич,1969-03-16,M,aleksandra_13@oao.org
13112,Филипп Дорофеевич Фокин,1971-08-12,M,tamara_16@yahoo.com
62892,Викентий Демьянович Беляков,1923-03-01,M,andron_42@oao.info
58801,Савельев Платон Ильич,1992-02-16,F,afanasevpahom@yandex.ru
52930,Лыткина Алла Федоровна,1962-02-07,F,maksimiljansitnikov@rambler.ru
65093,Захар Борисович Герасимов,1906-08-30,M,miheevaanna@npo.biz
80650,Пестова Валерия Леоновна,1906-04-30,F,leonid67@rambler.ru
35799,Коновалов Милен Тарасович,1945-07-10,M,arhip26@russkaja.ru
64458,Федор Гурьевич Фадеев,1964-04-03,M,ljubosmisl70@teterin.com
87458,Майя Феликсовна Харитонова,2007-12-15,M,spartak91@gmail.com
83917,Виктория Мироновна Анисимова,1982-10-29,F,rjurikkononov@yahoo.com
96335,Олег Марсович Сидоров ,2015-10-15,M,serafimburov@mihalova.net
56510,Гущин Леон Евсеевич,2003-11-13,F,ziminviktor@yahoo.com
64397,Пахом Теймуразович Кононов,1972-02-24,F,ivanna_1998@omega.info
50226,Овчинников Остап Аверьянович,1921-05-02,M,demid89@npo.ru
35634,Еремей Глебович Галкин,1913-08-31,F,fomichevaekaterina@vinogradova.ru
33925,Вячеслав Абрамович Яковлев,1962-10-21,F,natalja1980@nikonova.org
34777,Карпова Таисия Кузминична,1992-09-07,F,svetozar_97@ovchinnikov.ru
59370,Фокин Ермил Феликсович,1969-04-28,F,vadim1978@yandex.ru
78998,Суханова Фёкла Константиновна,1984-07-05,M,varvara_37@yandex.ru
57671,Калашникова Евфросиния Валериевна,1954-01-12,F,emil92@yahoo.com
24798,Агафонова Нина Святославовна	,2012-04-30,F,zhuravlevataisija@zao.info
85411,Милен Богданович Горбунов,2010-03-27,F,kallistratrozhkov@mail.ru
66623,Бирюков Аполлинарий Эдгардович ,1993-12-12,M,nikolarogov@shirjaeva.biz
11588,Нонна Робертовна Логинова,1955-01-08,M,eleonora_77@gureva.ru
44826,Антонов Тимур Тарасович,1919-08-03,F,belovdemjan@zao.ru
43651,Исаева Феврония Даниловна,2015-06-03,F,fedot_2018@yahoo.com
16966,Архипова Татьяна Афанасьевна,1920-05-29,M,levkoshelev@yahoo.com
66152,Яковлева Александра Геннадиевна,2010-11-22,M,tarasovustin@ip.ru
87412,Лаврентьев Давыд Федосьевич	,1980-06-02,F,kudrjashovljubomir@dorofeev.info
23639,Хохлова Жанна Святославовна	,1962-09-06,F,miron33@rao.org
16543,Якушева Раиса Федоровна,1984-01-23,F,kallistratustinov@hotmail.com
93547,Нина Аскольдовна Самойлова	,1905-04-18,F,lora_70@oao.net
40204,Анжелика Тимуровна Нестерова	,1978-11-24,M,nermakov@ooo.com
33102,Борислав Харлампович Бирюков ,1941-02-27,F,longin51@hotmail.com
28047,Жанна Руслановна Петухова,2005-06-05,M,naum_85@yahoo.com
30436,Еремей Гавриилович Панов ,1952-02-29,M,martinovavalentina@oao.net
69927,Савина Лора Эльдаровна,1981-06-10,M,ypetuhova@rao.info
47733,Олимпиада Валентиновна Бурова,1925-11-08,F,faina17@yandex.ru
14834,Александра Афанасьевна Русакова,1952-06-19,F,serafim_37@zhukov.net
77348,Фаина Леонидовна Быкова,1925-09-08,M,bolshakovgremislav@ooo.biz
22656,Трофимов Кондрат Бориславович,1965-06-06,F,kir_1984@gmail.com
86746,Рябова Октябрина Антоновна,1918-12-21,M,trifon82@yandex.ru
83846,Вацлав Демидович Киселев,1978-07-25,F,natalja_2007@yandex.ru
75050,Ираида Андреевна Лукина,1954-05-16,F,alekseevmir@ip.info
44286,Зайцев Герасим Егорович,1945-09-28,F,rlebedeva@rao.ru
68198,Панкрат Зиновьевич Самойлов,1937-06-18,F,taras_2016@ao.ru
11923,Фокин Филарет Богданович,2007-04-06,M,viktorin_62@zao.edu
22335,София Кузминична Денисова ,1939-02-20,M,lora1976@hotmail.com
55282,Кудряшова Лидия Борисовна,2009-04-02,M,nestor_2017@ip.biz
32735,Добромысл Елисеевич Щукин,1938-03-25,M,evdokim_1971@rao.biz
80220,Любосмысл Ярославович Медведев,1942-07-27,F,oksana_41@oao.net
18070,Исаев Фрол Филатович,1977-07-12,F,kasjan_44@yandex.ru
91936,Аверьян Герасимович Яковлев,1931-10-31,M,igolubeva@gmail.com
85567,Егорова Евфросиния Михайловна,2016-03-11,M,ratmir_86@gmail.com
72536,Регина Павловна Смирнова,2010-02-24,M,boris80@yandex.ru
52175,Регина Владимировна Михайлова,1994-11-04,M,doroninljubim@yandex.ru
19097,Клавдия Аркадьевна Симонова ,1934-07-18,M,pestovairaida@yandex.ru
75955,Артемий Евсеевич Кононов ,1919-01-14,M,sorokinhariton@magnolija.net
94834,Аким Ермилович Зиновьев,1977-06-21,M,qignatova@zao.net
20599,Спартак Гертрудович Архипов ,1941-05-24,M,longin_80@oao.biz
59859,Гуляева Галина Антоновна,1904-11-30,M,foka_50@hotmail.com
82159,Фёкла Руслановна Тетерина	,1979-07-30,F,lukjan79@rao.info
20776,Клавдий Ааронович Шилов,1960-11-05,F,alekseevavasilisa@hotmail.com
46496,Марина Леонидовна Никонова	,2001-03-14,F,kuzminanisim@ip.net
51030,Адам Федосеевич Иванов,1925-12-01,M,kallistrat1970@smirnova.com
36018,Дроздова Синклитикия Святославовна,1971-01-25,M,jakub_27@vertoleti.edu
70246,Татьяна Алексеевна Федорова	,1931-07-30,M,radimkrilov@hotmail.com
38622,Марина Геннадьевна Рогова,1947-01-06,F,oksana31@gmail.com
65463,Субботина Марина Олеговна,1924-01-24,F,vorobevflorentin@mail.ru
55964,Степанова Тамара Андреевна,1987-11-14,F,arefi_61@ao.biz
87134,Елизавета Ильинична Копылова ,2012-07-05,M,terentevavgust@ip.edu
75639,Новикова Глафира Алексеевна,1962-03-07,M,uljana1981@voentorg.net
90625,Олимпиада Станиславовна Панова ,1928-10-06,F,gremislav_1989@npo.net
53757,Карпова Агата Антоновна,1986-09-01,F,viktorinodintsov@yahoo.com
66287,Феоктист Трифонович Веселов ,1963-04-06,M,knjazevmaksim@oao.ru
55012,Кудряшова Нина Вадимовна	,2013-01-14,F,firs_1991@oao.ru
42003,Пономарева Лидия Леонидовна ,2019-04-11,M,anastasija_11@gmail.com
86328,Мартьян Филиппович Молчанов,1936-06-17,M,nikolaevartem@rao.ru
11797,Арефий Якубович Шилов	,1996-01-03,M,fanisimov@ooo.com
69520,Наумова Светлана Романовна,2019-04-13,F,amvrosi1999@yandex.ru
64581,Марков Лев Юлианович,1940-03-19,F,birjukovlev@mail.ru
72021,Митофан Теймуразович Исаев,1908-09-09,M,rozhkovflorentin@gmail.com
56660,Пахомова Глафира Макаровна,1938-07-22,M,jaropolk_59@mail.ru
18824,Носова Галина Феликсовна,1925-04-25,M,prohorsuvorov@gmail.com
11890,Волкова Фаина Альбертовна,2008-07-29,M,silanikonov@gmail.com
37340,Валерия Богдановна Кулакова,1969-11-19,F,militsa_03@mail.ru
38061,Иванна Ждановна Виноградова,1940-08-11,F,mihalovaantonina@tomskneft.net
55529,Сорокина Жанна Рубеновна,1922-12-02,F,onufri_83@mail.ru
94328,Ефремов Савелий Федосеевич,1973-06-08,M,blinovradovan@stalepromishlennaja.org
83781,Потап Васильевич Борисов ,1912-08-23,F,averjan1998@sladkovsko-zarechnoe.edu
84966,Алевтина Вячеславовна Зиновьева,1947-04-18,F,bmerkushev@mail.ru
10519,Зинаида Вячеславовна Гордеева	,1975-05-19,M,dobroslav_08@gmail.com
66752,Елисеев Мартьян Антипович,1952-11-30,M,kuprijan_2017@roskosmos.biz
30948,Богданова Жанна Мироновна,1932-10-16,M,savelevspartak@hotmail.com
96059,Оксана Афанасьевна Дорофеева,2006-02-17,F,juli97@rao.org
58515,Доронина Нонна Леоновна,1916-05-12,F,zuevratmir@yandex.ru
15986,Алла Николаевна Сорокина,1974-08-02,F,uljan2000@mail.ru
55905,Лукина Оксана Алексеевна,1992-05-31,F,ilinalora@gmail.com
77976,Калашникова Екатерина Феликсовна,1939-08-21,M,vladlengusev@rambler.ru
78281,Галкин Евграф Вячеславович,1919-05-09,F,eliseevlukjan@yandex.ru
60926,Ильин Кондрат Феофанович,1992-07-08,F,blohinartemi@rambler.ru
89776,Пантелеймон Викентьевич Воронов,1916-10-07,M,gorde08@hotmail.com
53775,Алина Викторовна Горбачева	,1981-02-23,M,mdementev@ao.com
22793,Тимур Ефимьевич Лобанов,1950-09-27,F,radislavevdokimov@sbsv-kljuchavto.net
89210,Ермаков Любомир Валентинович,2009-04-11,F,xsitnikova@yandex.ru
64892,Агафья Вячеславовна Кириллова,1909-03-30,M,emilija1976@npo.com
67453,Евдокимов Прохор Жоресович,1925-02-01,M,belozerovpolikarp@gmail.com
21815,Арсений Августович Селиверстов,1993-11-03,F,foti_24@oao.com
32708,Шарапова Екатерина Никифоровна	,1992-05-21,F,lafanaseva@ooo.net
68492,Журавлева Алина Юрьевна	,1969-06-18,M,turovaanna@ooo.edu
88904,Красильникова Нонна Ивановна ,2005-01-19,M,ustingorbachev@oao.info
92488,Регина Кузьминична Гурьева,1942-09-30,F,kabanovivan@simens.org
27314,Регина Игоревна Горшкова ,1932-09-05,M,nesterovsvjatoslav@pavlova.biz
91631,Сергей Жанович Лаврентьев	,1958-12-21,F,kabanovdorofe@ooo.net
79862,г-жа Казакова Клавдия Наумовна,2019-06-03,M,molchanovaaleksandra@vorobev.info
39053,Евстафий Евстигнеевич Копылов,1967-10-30,F,evdokimovgorde@npo.org
34133,Олимпиада Игоревна Андреева,1958-05-10,M,andron1991@ooo.biz
31474,Якуб Аксёнович Одинцов,1953-09-02,F,rjabovaoktjabrina@hotmail.com
46135,Вышеслав Владленович Мухин,1940-08-19,F,ljubov_31@yandex.ru
90801,Цветков Ефрем Филимонович,1934-10-27,M,veselovefim@gmail.com
75419,Надежда Эльдаровна Фадеева ,1948-07-25,F,mark_1985@rambler.ru
75032,Пахомова Элеонора Яковлевна,1945-10-25,F,afinogen_1987@yahoo.com
40191,Борисов Каллистрат Евсеевич ,1995-03-29,F,gorbunovnarkis@yahoo.com
31592,Белоусов Януарий Ефстафьевич,1984-04-30,F,panfil_1989@ip.biz
96094,Феврония Ждановна Кулагина,1943-11-06,M,demjan56@yahoo.com
80811,Ювеналий Витальевич Наумов ,1908-04-18,M,praskovja53@rambler.ru
14801,Некрасов Антонин Вилорович	,1960-12-08,M,matveevvsemil@yandex.ru
46126,Ефимова Анжелика Львовна,1999-03-18,M,nikifor2002@npo.edu
75867,Белоусова Ольга Валентиновна,1910-03-10,F,roman1976@hotmail.com
90129,Муравьев Игорь Евсеевич,1930-05-27,M,oksana03@hotmail.com
22061,Раиса Богдановна Титова,1936-08-31,F,antip_92@oao.biz
84128,Варлаам Бориславич Горбачев,1958-02-03,M,luka29@gmail.com
48889,Тимофеева Василиса Тарасовна,1921-02-02,M,tarasovereme@ip.biz
22019,Исай Анисимович Суворов ,1947-07-16,M,makar_1995@rambler.ru
57245,Викторин Юлианович Крюков,2004-02-24,F,dabramova@ooo.net
65999,Евсеев Мир Изотович,1914-11-16,F,koshelevtrofim@mail.ru
98262,Алексеева Маргарита Кузьминична ,1919-11-07,F,nekrasovepifan@rambler.ru
79661,Богданов Герасим Фролович,1918-09-26,M,bobilevaevgenija@gmail.com
74862,Оксана Кирилловна Пестова	,1960-12-06,M,cnoskova@hotmail.com
45021,Нестор Ефремович Рыбаков,1949-11-25,M,glitkin@rossiskaja.info
79486,г-н Воробьев Аристарх Антонович,1905-04-20,M,beljakovkuprijan@zao.ru
72591,Носков Мечислав Валентинович,1913-06-19,F,sofronsobolev@yandex.ru
15463,Ираида Анатольевна Наумова,1979-11-04,M,adrian73@zao.biz
46715,Елизар Жанович Зуев,1973-08-17,M,selivan_1986@davidov.biz
20003,Белов Харлампий Зиновьевич,1982-01-27,F,serge_1973@ao.edu
89150,Евдокия Леоновна Щербакова,1964-04-01,F,vasilevmina@hotmail.com
77400,Иванна Эльдаровна Молчанова,1973-08-03,F,lobanovataisija@gmail.com
73606,Всеслав Владленович Рожков,1929-12-11,F,bogdanovignati@timofeeva.info
50703,Щукин Осип Ярославович ,1959-01-30,M,budimir_1980@yahoo.com
56447,Буров Матвей Тимурович,1982-03-11,M,burovsaveli@yandex.ru
22098,Лукия Харитоновна Кузьмина,1929-02-04,M,varfolome1998@npo.org
98158,Савватий Борисович Блинов,1926-04-06,M,ostap_1995@holding.net
65340,Нинель Леонидовна Большакова,1978-11-07,F,svjatopolk2002@mail.ru
93031,Сысоев Эммануил Давидович,1916-03-28,F,poljakovprohor@ip.net
67991,Носов Станислав Богданович	,1926-07-11,M,zinaida_1990@metallstandart.com
49412,Милий Жанович Никитин,1937-11-26,F,orehovonufri@ip.ru
78327,Мечислав Бенедиктович Котов,1913-09-26,F,rogovsvjatoslav@pkf.ru
80993,София Геннадьевна Воронова,1906-07-16,M,kotovandron@ooo.net
94915,Фокина Таисия Ильинична,2014-10-18,M,smiheeva@rao.net
47110,Андрей Елизарович Марков,2016-07-18,F,kozlovaveronika@npo.net
44809,Павлов Агап Ануфриевич,1941-05-02,M,fortunat_2004@ao.org
32136,Якушев Алексей Юльевич,1946-02-02,F,zinovisolovev@rambler.ru
86661,Лора Наумовна Кулакова,1968-06-09,F,pavlovaskold@yandex.ru
85791,София Станиславовна Орехова	,1941-02-19,F,burovaoktjabrina@kontsern.edu
91141,Новикова Клавдия Константиновна,1908-03-25,M,ipatikondratev@rambler.ru
66123,Агафья Анатольевна Игнатова,2003-12-03,M,shestakovkliment@oao.org
27957,Лукия Григорьевна Щербакова,2019-06-13,F,feliks_2014@gmail.com
58553,Ершов Вячеслав Феоктистович,1975-03-03,F,sergeevtimofe@hotmail.com
92804,Лобанова Маргарита Валериевна,1993-09-16,M,ratiborkudrjashov@yandex.ru
83042,Владимиров Евсей Ермолаевич,1977-02-24,M,izjaslavkuznetsov@rao.ru
98660,Князева Василиса Михайловна ,2008-03-07,F,semenovaevdokija@vishnjakov.biz
12867,Ольга Сергеевна Коновалова	,1915-12-04,F,trifonstrelkov@gmail.com
67731,Игнатьева Зоя Владимировна ,1973-08-22,M,platon34@rambler.ru
