email,age
belovaanna@mail.ru,44
doroninleon@rao.com,58
doroninatatjana@rambler.ru,87
komarovepifan@yahoo.com,14
kirill2008@zao.com,107
odintsovamaja@karpova.info,47
hristofor_2000@hotmail.com,60
viktorija_2000@oao.edu,52
evstafiefremov@hotmail.com,83
blohinklavdi@blinov.info,6
prohorovaanastasija@mail.ru,67
bikovalora@rao.edu,55
ipati33@oao.org,19
orlovamos@yahoo.com,81
semenovapolina@yandex.ru,21
muhinmir@mail.ru,68
anisimovavalerija@zhdanov.edu,49
bikovaeleonora@ip.net,111
danila_39@hotmail.com,66
sila30@zao.net,89
antonovprohor@natsionalnaja.net,100
filimon_11@zao.net,33
eliseevgrigori@rao.edu,70
angelina_1983@emeljanov.edu,17
maja_37@yahoo.com,31
zhuravlevapolina@ip.info,78
mstislavgavrilov@rao.ru,43
dementevmechislav@mail.ru,15
fedotovlongin@hotmail.com,44
tamara_37@hotmail.com,14
ovchinnikovkonstantin@mail.ru,79
oksana34@kubanskaja.info,43
irina1981@ip.ru,59
arseni2019@isakov.info,6
kolobovsofon@npo.biz,111
zoja_1977@hotmail.com,29
strelkovapolina@hotmail.com,114
zzaharov@oao.ru,14
ereme_2016@ao.com,92
tihonovgerasim@rambler.ru,112
okonstantinov@mosoblgaz.com,41
vlasnikolaev@hotmail.com,114
amvrosi17@hotmail.com,78
antonin_88@gmail.com,90
aandreev@mail.ru,44
lukjan88@naumova.edu,75
vladimir_80@safmar.org,77
mina_26@mail.ru,102
evdokija2004@rao.info,38
zatsevnikola@gmail.com,62
feoktist88@oao.ru,95
kirilltimofeev@mail.ru,66
antonina_01@npo.ru,59
kazimir2006@rusenergosbit.org,67
florentinrozhkov@yandex.ru,44
semen_1978@yandex.ru,104
kirill1985@yahoo.com,1
eleonora_1987@yandex.ru,24
radim_1993@mail.ru,10
eshestakov@yahoo.com,19
dkrilov@zao.net,34
pankratabramov@karelija.net,35
zhdanovalukija@ikea.net,72
stojan89@lenta.biz,37
emeljanzuev@lebedev.com,110
veselovemeljan@ip.biz,77
smirnovselivan@oao.biz,101
svetlana59@oao.org,62
darja_12@yahoo.com,0
evgrafshcherbakov@chtpz.net,93
gerasim2010@yahoo.com,25
jakushevapelageja@ao.biz,64
orehovstanislav@velesstro.info,5
vorobevasinklitikija@npo.info,40
yzatsev@npo.com,87
aleksandrovratmir@gmail.com,66
ignatovanatoli@gurev.edu,67
osipovvladlen@mazda.net,95
isa1989@yandex.ru,20
ivan2020@yahoo.com,24
nikodim81@rao.ru,76
evgraf_24@gavrilova.edu,60
ustin_1995@gmail.com,82
saveli14@m.org,7
epetuhova@mail.ru,19
zaharovbudimir@npo.info,93
frolovemil@hotmail.com,79
ladislav_38@yahoo.com,103
glafira_2011@drozdova.ru,1
platon2013@mumt.net,109
lavr_92@ao.info,20
vasilevaekaterina@mail.ru,8
okopilova@ip.com,81
drozdovviktorin@yahoo.com,0
felikszaharov@ao.com,91
natalja26@yahoo.com,84
sofija_19@yandex.ru,47
bespalovlavr@npo.edu,18
rjabovinnokenti@rao.net,53
fekla_43@rao.edu,84
ignatevaeleonora@yahoo.com,104
denis2000@rambler.ru,89
osip_62@yandex.ru,19
jakovlevamarfa@rao.biz,0
rogovanatalja@rambler.ru,114
alla_78@yandex.ru,14
zatsevfoma@zao.biz,97
krjukovaanzhela@alfastrahovanie.biz,107
germankrasilnikov@yahoo.com,50
vatslavbeljaev@ooo.edu,6
timofe_30@tehinkom.net,61
fotibirjukov@yahoo.com,111
pankrati_18@ip.ru,31
hkostina@ip.edu,97
pankrati1981@yahoo.com,10
marfa35@zagorski.net,63
fokinpimen@hotmail.com,31
bronislav_28@ooo.biz,73
viktorija93@ao.info,114
silinkondrati@mail.ru,99
turovazhanna@yahoo.com,75
savvasimonov@yandex.ru,105
evstigne_60@hotmail.com,43
tverdislav_1997@yahoo.com,74
lihachevostromir@yahoo.com,109
osip_29@ip.biz,69
dorofe2018@zao.org,104
alarionov@maksidom.info,27
nikitinegor@ip.org,45
vikenti_2014@chernov.edu,17
nikon1973@yahoo.com,9
tihon_37@ao.biz,105
strelkovalarisa@yahoo.com,58
judinjakub@rambler.ru,15
lavrentevmilovan@oao.net,42
pavlovjuli@npo.biz,1
vitali1998@yahoo.com,78
morozovanikita@npo.ru,62
marija1984@zao.ru,88
petrovermil@yahoo.com,91
fadeevpantelemon@mail.ru,20
ipat35@kolesnikov.edu,32
konon06@gazprombank.info,31
nadezhda_2013@zao.com,21
averki_2008@oao.biz,54
maksimiljaneliseev@gk.com,99
igor1975@zao.info,81
zsharov@anisimov.info,62
agafja1998@rambler.ru,49
marija_2005@mail.ru,5
oshchukina@ip.ru,89
zosima_1983@vladimirov.ru,8
vseslav46@zao.net,74
angelina2004@rambler.ru,81
gavrila2004@oao.org,54
tpotapova@npo.biz,17
pavel11@mail.ru,106
proklveselov@zao.edu,47
ratibor_85@oao.biz,27
sisoevkonstantin@ooo.org,14
kir_71@rambler.ru,91
veniamin_1996@stepanov.edu,112
valentina_1990@yandex.ru,3
braginaalina@yandex.ru,114
kornil_1972@npo.edu,48
petuhovamilitsa@rao.biz,50
hohlovaevgenija@zao.info,24
evgenija_1973@dementeva.biz,106
ljubomirlapin@ip.biz,6
kudrjashovjanuari@hotmail.com,81
aershov@yahoo.com,81
muravevdementi@hotmail.com,19
prokofi2006@liga.edu,66
kira1979@yahoo.com,68
timofe_61@rambler.ru,44
turovfilimon@mail.ru,27
nestor_1978@ip.edu,39
rmjasnikov@gmail.com,1
mechislav1980@yahoo.com,111
apollon_2018@mail.ru,40
efrem_2006@ao.biz,85
bobrovamarija@yandex.ru,95
varfolome97@ip.org,100
wzaharov@ip.edu,23
mark_53@zao.org,110
elise_2020@rao.biz,27
kirillovferapont@npo.org,6
kolobovjuri@mail.ru,57
elena_99@gmail.com,114
gordeevmark@henkel.info,31
aleksandrovmakar@rao.biz,56
nina02@hotmail.com,68
kornil_1994@yahoo.com,38
yandreev@mail.ru,109
nestor2007@gmail.com,61
izot_52@yahoo.com,69
arhipovaanzhelika@rao.info,17
kasjan79@yandex.ru,46
kirkalinin@ao.edu,51
nonna_1974@yandex.ru,43
budimir73@krilov.org,3
akulina2016@rambler.ru,10
leonti16@yandex.ru,75
tignatov@mail.ru,16
modest1985@yandex.ru,31
hpahomov@yahoo.com,63
kirillovvsevolod@odintsova.net,36
visheslav_2012@rambler.ru,97
znaumov@ooo.com,88
bhohlova@oao.info,99
feliks_2000@npo.com,5
kondratizikov@pskovvtormet.info,20
parfen2011@gruppa.org,115
panfilovilarion@hotmail.com,39
snosov@hotmail.com,29
mnaumova@mail.ru,91
firs58@trest.ru,95
juvenali_62@ao.biz,106
averjangushchin@ao.com,86
stanimir2008@ip.ru,107
petrgerasimov@rambler.ru,88
arhip08@ooo.org,20
agge15@rao.edu,46
kondrati_2012@yahoo.com,16
evgraf50@ip.info,66
mefodirozhkov@npo.biz,37
mihail40@yandex.ru,9
xnikitina@zao.edu,8
spartakfokin@gmail.com,15
ostromirmuravev@ooo.com,105
selivan_47@hotmail.com,46
zgusev@ooo.info,13
jtitov@zao.com,84
seliverst87@ip.info,79
karl79@mail.ru,108
chernovazinaida@yahoo.com,24
arseni_94@gmail.com,13
kondrat1977@rambler.ru,102
lobanovsavva@hotmail.com,3
modest1970@npo.ru,8
alevtina39@ooo.ru,6
kirillgushchin@hotmail.com,34
filippdrozdov@rodionov.info,111
krasilnikovamarija@emeljanov.com,14
markovkuprijan@npo.net,94
nsamsonova@ooo.biz,69
vladlen_58@oao.info,31
ponomarevaagafja@hotmail.com,75
julija22@ip.ru,10
iraida_2008@yahoo.com,38
qanisimova@gmail.com,35
taras_1996@gmail.com,10
andre_33@yandex.ru,109
foma83@yahoo.com,96
silinsvjatoslav@gmail.com,110
lobanovadarja@mail.ru,115
vladislavgorbachev@zao.net,16
serge28@zao.net,58
kudrjashovafevronija@gmail.com,72
djachkovafinogen@oao.com,57
ignatovvasili@yandex.ru,46
ilinserafim@gmail.com,44
averjan2004@yandex.ru,14
nestorgordeev@mail.ru,24
emeljanovferapont@velikolukski.com,37
leonti74@oao.biz,100
dementizuev@bolshakov.info,105
jkalashnikov@ooo.ru,106
kazimir_87@rambler.ru,83
varlaam2011@yandex.ru,74
larisa_99@gmail.com,88
anani_1986@ao.com,71
marian1980@npo.org,91
svjatopolk_86@hotmail.com,18
ndoronin@oao.com,56
apollinari1979@npo.biz,35
savelevaevfrosinija@hotmail.com,88
tit42@yandex.ru,59
savvati_37@hotmail.com,97
matve_54@yahoo.com,78
boleslavkapustin@yandex.ru,31
yavdeeva@npo.edu,35
zimindobromisl@rao.edu,81
emilija_2010@hotmail.com,19
kapustinartemi@yahoo.com,16
agge28@mail.ru,48
molchanovhariton@neste.com,10
kuzmagurev@mon.info,20
kondratevhariton@ooo.com,112
kuprijan_2003@gmail.com,98
blohinanonna@irkutskaja.info,53
evdokim1996@mail.ru,28
saveli_53@oao.net,32
samsonovataisija@rambler.ru,102
fominbazhen@zao.org,15
efremovsavvati@yahoo.com,5
sdementeva@npo.org,43
jan2005@ip.com,44
romanovvatslav@gmail.com,100
muhinstojan@yandex.ru,91
rjurik1989@yahoo.com,21
turovazinaida@azbuka.edu,99
olimpiada_27@rambler.ru,65
tmamontova@bragina.net,72
noskovairaida@ooo.info,95
igromov@ooo.org,105
demjan62@rambler.ru,27
bronislav78@rao.edu,50
poljakovdobromisl@oao.info,96
noskovaanna@rambler.ru,45
odintsovfilimon@npo.org,89
timofeevevgeni@rambler.ru,29
georgi1991@ip.ru,75
kudrjavtsevsvjatoslav@ooo.org,29
gordeevmechislav@rambler.ru,64
pavlovdanila@ugs.org,90
bojan_20@yahoo.com,71
ljudmila_1975@rambler.ru,21
muhinaglafira@hotmail.com,39
kliment_89@hotmail.com,60
svjatoslav_1990@ao.net,100
zkirillova@ip.org,101
pestovaskold@ao.org,11
vjacheslav_1999@rambler.ru,90
gavrila50@mail.ru,51
onufri_90@zao.org,26
paramon_69@rambler.ru,39
radovansazonov@aleksandrov.org,24
ippolit_11@yahoo.com,58
svjatoslav1978@ao.biz,19
mitofanpoljakov@mail.ru,15
rjurik_07@zao.biz,67
antonovmili@npo.net,44
lavr_1999@hotmail.com,13
osipovaviktorija@yahoo.com,17
panfilovpimen@yandex.ru,88
leonid2008@yandex.ru,61
sgureva@yandex.ru,72
vatslavsemenov@mail.ru,19
fominasinklitikija@ooo.org,100
igor1991@gruppa.edu,40
terentevaksenija@yahoo.com,13
trofim_1970@hotmail.com,111
mihalovafinogen@ip.edu,111
romanovazhanna@gorbunova.edu,3
agge1994@yahoo.com,97
abeljaeva@hotmail.com,106
vishnjakovvaleri@udmurtneft.com,16
borislav_2014@yahoo.com,115
pahom1981@antonova.edu,79
elise_2005@gmail.com,58
fekla_93@yandex.ru,73
fortunat_1985@yahoo.com,17
eduard_92@hotmail.com,13
xsokolova@gvsu.com,1
kuznetsovaljudmila@ooo.edu,2
izotkirillov@ooo.edu,12
julian_10@gmail.com,64
vromanova@mail.ru,10
irakli_98@zao.org,62
filippovaekaterina@zao.edu,36
fadeevmilovan@ao.ru,67
bolshakovnifont@oao.net,21
rubenpopov@yandex.ru,17
vegorov@kolesnikov.ru,76
vkrasilnikov@yandex.ru,7
pahomovalarisa@zao.org,103
borisovandronik@yahoo.com,77
burovnazar@rambler.ru,115
panfilovaskold@gmail.com,99
abramovanatalja@mail.ru,91
nkozlova@yandex.ru,41
pavel_2019@transbunker.net,73
markstrelkov@titov.org,71
mironovadarja@yahoo.com,68
kudrjashovaalevtina@hotmail.com,1
fedotovbogdan@ooo.com,42
januari_1972@rao.edu,7
matve_2014@ooo.org,108
arkadi1994@mail.ru,25
jakub25@rambler.ru,86
aleksandr_2017@ooo.info,80
praskovja_55@yahoo.com,40
nazarovaakulina@yandex.ru,39
maja_76@hotmail.com,55
vladimirovpantelemon@rambler.ru,52
selivan67@mail.ru,94
gorde_1986@yandex.ru,67
gremislavjudin@gmail.com,115
anastasija2015@mail.ru,62
bojan_2006@yahoo.com,33
adrian1992@rambler.ru,46
terenti00@gmail.com,96
beliseeva@ooo.com,4
sergeevratibor@hotmail.com,104
dorofeevairina@mail.ru,62
kirillmuravev@zao.net,0
zosima_05@oao.net,10
shubinaangelina@suhanova.com,109
sazonovprov@oao.info,64
shchukinantip@dementev.com,68
kir35@yandex.ru,3
bogdanstrelkov@gmail.com,107
fotijakovlev@ooo.ru,53
kuzminatamara@yahoo.com,40
valentin1984@kuzmin.info,25
olimpiada_1979@yaguar.edu,2
artemi2004@oao.org,83
medvedevmoke@ip.net,113
minabirjukov@ip.ru,81
cignateva@zaharova.edu,104
ernestgurev@yandex.ru,3
osipovepifan@hotmail.com,83
wlazarev@rambler.ru,14
kallistrat01@ip.net,62
julian1975@yandex.ru,15
mokeartemev@hotmail.com,54
pavel_98@rao.info,41
krogov@mail.ru,1
evdokija76@gmail.com,107
filaret_2002@hotmail.com,111
moiseevasvetlana@yandex.ru,85
filaretgordeev@yandex.ru,106
osipovleonti@rambler.ru,47
artemi84@shirjaeva.org,14
tarasovprokl@hotmail.com,19
maksimhohlov@hotmail.com,16
ershovleonid@rambler.ru,60
blinovipati@npo.net,13
andrezatsev@gmail.com,24
danilovamvrosi@gromova.biz,31
kliment02@mail.ru,11
akim1970@ip.info,12
sergeevasvetlana@ooo.edu,39
ksenija_2010@rao.info,103
vikentilazarev@hotmail.com,51
vatslav1986@ooo.info,86
bobrovanisim@gmail.com,85
nikonovorest@gmail.com,0
veniamin_2010@segezha.ru,9
leonid_52@rambler.ru,103
ofadeev@mail.ru,10
mkudrjashova@ao.net,114
kalininratibor@komarov.biz,45
nazar_1971@gmail.com,41
krjukovaalla@zao.org,48
markovuljan@yandex.ru,35
efimovasofija@mail.ru,5
suhanovpantelemon@mail.ru,54
arhipovsilvestr@zao.com,57
epifan2002@rambler.ru,63
viktorin56@hotmail.com,14
polina_92@rao.org,16
andre88@mail.ru,76
kotovanaina@yandex.ru,26
bespalovaemilija@oao.net,13
qzikov@rao.ru,38
ignati_13@npo.com,91
semenovvissarion@gmail.com,111
ljudmila12@hotmail.com,109
oktjabrina_25@relaljans.net,38
fedorovaanastasija@mostransavto.org,10
krasilnikovgavrila@gmail.com,112
ignatiponomarev@ip.biz,72
mjasnikovapraskovja@zao.org,28
amos_1979@yahoo.com,75
martjan_46@ao.ru,45
ksenija32@gmail.com,36
shashkovnaum@yahoo.com,66
rgavrilov@hotmail.com,58
mitofan_01@gmail.com,83
grigorevmefodi@hotmail.com,67
averkisafonov@zao.net,20
vasili1990@rao.net,76
astrelkov@mail.ru,98
viktorija_07@mail.ru,53
jakovlevaristarh@hotmail.com,92
kalashnikovignati@gmail.com,111
kopilovamilitsa@rao.org,90
sitnikovorest@hotmail.com,36
zuevgorde@rambler.ru,75
mrodionova@rambler.ru,55
radimaksenov@rambler.ru,32
ija_2012@mironov.net,37
yveselov@rambler.ru,44
lihachevegor@ip.ru,12
grigori81@rambler.ru,52
lbaranova@rambler.ru,44
silinkonstantin@ershova.net,46
efim2014@silin.net,64
kondratevratmir@zao.org,100
ivan_1994@ooo.biz,84
anisim_2006@yandex.ru,91
marina_2016@oao.ru,23
nikitinazoja@gmail.com,66
tvorimir_1997@mms.ru,1
beljaevevstigne@yahoo.com,115
miheevvatslav@gruppa.org,41
kozlovavarvara@mail.ru,24
lihachevaaleksandra@zao.ru,75
praskovja_2020@yahoo.com,67
komissarovkirill@avtodom.net,106
lukija_45@oao.edu,64
lora_1972@rambler.ru,28
nikifor_1997@gmail.com,1
nikola2005@hotmail.com,43
filaretfilatov@ooo.edu,1
haritonovamargarita@oao.biz,20
filimonblinov@rambler.ru,104
ykolesnikov@zao.net,24
porfiri1977@veselova.biz,45
kopilovolimpi@ip.ru,67
sustinov@oao.edu,61
sofija1973@denisova.biz,2
anzhelika1987@ao.biz,97
sharovsvjatopolk@yahoo.com,70
jmorozova@gmail.com,24
evstignejudin@hotmail.com,72
agap03@yandex.ru,47
zhdanovamarina@ao.ru,76
fadeevkondrat@rambler.ru,42
nmerkushev@rambler.ru,101
safonovljubomir@ooo.com,12
lapinanani@maksidom.com,46
gpanfilov@magnolija.com,98
kshilova@mail.ru,72
jakov04@mail.ru,0
simon_10@yahoo.com,52
timur2019@hotmail.com,112
avgustsamsonov@mail.ru,33
petr_2014@ip.ru,91
izmail19@vorontsov.biz,22
maksimovaoksana@marija-ra.com,70
konondenisov@npo.com,68
klavdi_04@yahoo.com,85
arhipefremov@ip.com,35
tmironov@ip.com,96
parfenkomarov@ooo.com,40
vladislav14@ip.com,51
titovkarl@rusenergoresurs.net,23
elizaveta_1990@gmail.com,40
bojan_1973@hotmail.com,35
svjatopolk99@yandex.ru,89
harlampi1974@prodo.net,4
tihonovepifan@yahoo.com,76
zhdanovporfiri@ip.net,106
agafon_86@mail.ru,22
gostomisl13@transmashholding.org,71
semen_25@mail.ru,18
lavr1978@oao.biz,40
luka1989@rambler.ru,37
gavrilovanike@nova.edu,35
jakovlevdobroslav@mail.ru,60
klavdija_2006@hotmail.com,89
seleznevefrem@mail.ru,67
lukajudin@gmail.com,62
kasjan1983@yandex.ru,110
titovaristarh@ip.com,29
spiridonkornilov@ao.ru,1
bogdanshubin@investneftetred.edu,106
samson_99@yahoo.com,18
evdokimzhdanov@merkusheva.net,111
kapitonzimin@yahoo.com,61
zuevkarp@ooo.org,112
gordeevaelena@ooo.edu,109
elizar68@mail.ru,42
strelkovpotap@hotmail.com,26
konstantin_1979@ignateva.biz,47
sitnikovtihon@gmail.com,110
klimentfomin@katerpillar.com,80
eliseevalora@oao.ru,47
isakovtit@saveleva.net,112
blinovmartjan@glenkor.net,43
ipati1978@hotmail.com,30
stanimir77@evdokimova.edu,70
maslovkondrat@ao.net,61
denis53@yandex.ru,25
artemi_2006@rao.ru,63
azarivishnjakov@sk.net,70
eleonora1978@npo.ru,27
julian_53@ip.net,11
wbragin@zao.info,35
knjazevaevgenija@mail.ru,98
kulikovostromir@tretjakova.edu,39
anikita_56@hotmail.com,35
bmjasnikova@yahoo.com,65
kira2002@ao.net,29
filaretsmirnov@rambler.ru,56
romanstrelkov@rambler.ru,11
vsevolod_1984@yandex.ru,77
vishnjakovgerasim@yandex.ru,12
blinovgrigori@mail.ru,3
birjukovfortunat@ip.net,108
milovanzhuravlev@gmail.com,22
natan40@ip.ru,36
mihe59@mail.ru,24
yzuev@yahoo.com,36
komissarovaviktorija@rambler.ru,70
evgrafbeljaev@oao.edu,1
anisimovaanna@ooo.info,64
svjatoslav_1978@mail.ru,109
osip2008@gorshkov.ru,112
pavel77@yahoo.com,32
aristarh62@ip.com,1
gennadifedorov@yandex.ru,74
zhdanovpimen@oao.net,99
korolevartem@mail.ru,8
maksimovnestor@zao.info,8
zinovevaalla@kulikova.org,73
lora2018@yahoo.com,1
mefodieliseev@yahoo.com,72
martin71@moskovski.info,39
utrofimova@renessans.net,91
kstrelkova@mail.ru,76
dgolubeva@oao.biz,43
naum2016@ip.org,18
sharapovamarfa@hotmail.com,16
hariton_56@npo.info,77
vladimirovvarfolome@ooo.info,107
ostap1989@yandex.ru,86
izjaslav_1982@rambler.ru,79
xsamsonov@hotmail.com,69
amvrosi75@lebedeva.com,15
braginjuvenali@mail.ru,66
semen1970@gmail.com,109
merkushevevse@oao.biz,93
froloveduard@agafonova.org,90
avdeevvjacheslav@ao.biz,89
karlrodionov@gmail.com,45
olimpi34@zao.org,38
ladimir_1979@zao.com,4
prokl_72@pavlova.ru,113
tatjana1972@basf.ru,106
kudrjavtsevgalaktion@ooo.info,74
noskovaija@ip.edu,74
roman2003@mail.ru,77
vladlen69@rao.edu,1
medvedevferapont@npo.ru,63
efim86@yahoo.com,95
gavrilovalora@gmail.com,39
ilinsokrat@ooo.info,56
rogovaangelina@krilova.org,7
onikolaeva@hotmail.com,82
leon13@ooo.edu,66
mamontovaanastasija@yandex.ru,20
uljan_09@rambler.ru,47
evgenija28@gmail.com,34
drozdovaninel@mail.ru,11
shirjaevtvorimir@mail.ru,109
markovamaja@ooo.net,3
ksenija_1993@yahoo.com,3
beljaevamarija@nikiforova.org,58
filippovevgeni@yandex.ru,72
kmihalova@rao.biz,25
anike87@kompanija.org,83
isitnikova@yahoo.com,22
gavrilovatatjana@savin.net,82
vladimirovavalentina@yandex.ru,88
erofe1996@mail.ru,59
selivan_1989@ao.ru,101
kir24@rm.info,63
lavrenti_87@zao.com,33
krilovkarp@yandex.ru,39
ninel_1981@lavrenteva.ru,114
orehovamilitsa@mironova.net,41
kirillovsamson@gmail.com,109
yignatov@zao.ru,107
denisisaev@ip.biz,11
kiselevelizar@alekseev.biz,10
ratmirburov@zao.org,64
pavel94@oao.org,18
avishnjakova@hotmail.com,21
lazarevairina@avesta.ru,44
terentevadam@rambler.ru,63
filatovgeorgi@yandex.ru,28
nikolaevgedeon@oao.net,107
angelina76@mail.ru,65
amos67@strotransneftegaz.edu,97
innokenti_30@rao.info,73
komarovaanzhelika@yahoo.com,82
zhdanovoleg@vad.info,102
shirjaevnikanor@mail.ru,57
artemevsila@hotmail.com,16
ljubosmisl_25@nikiforova.biz,61
moise85@mail.ru,106
kbirjukov@ao.com,64
mihail_1976@en.ru,44
petrovladimir@yahoo.com,40
martjan68@hotmail.com,99
mstislav_41@rambler.ru,73
mechislav_17@yandex.ru,14
juri2007@mail.ru,111
pkulikova@hotmail.com,13
velimir1970@zao.com,10
abramovernest@gmail.com,78
martin88@ooo.edu,90
nestorkulagin@npo.net,52
ppetuhov@yandex.ru,50
budimir_1994@yahoo.com,30
antonovamarfa@gosudarstvennaja.biz,94
nestor2002@yahoo.com,22
akulina_1990@ooo.com,40
avtonom43@yahoo.com,25
borisovaekaterina@mail.ru,33
harlampishcherbakov@mironov.biz,31
kirdjachkov@zhuravlev.ru,92
anike53@oao.ru,17
valerjan2003@npo.info,20
nesterovvasili@gmail.com,114
strelkovanina@potapov.net,16
mjasnikovvalentin@ao.info,106
trofimguljaev@detski.info,77
lebedevleon@npo.com,60
ponomarevazoja@komissarov.edu,17
rodionovmili@ao.edu,43
aleksandra_13@oao.org,51
tamara_16@yahoo.com,48
andron_42@oao.info,97
afanasevpahom@yandex.ru,28
maksimiljansitnikov@rambler.ru,58
miheevaanna@npo.biz,113
leonid67@rambler.ru,114
arhip26@russkaja.ru,74
ljubosmisl70@teterin.com,56
spartak91@gmail.com,12
rjurikkononov@yahoo.com,37
serafimburov@mihalova.net,4
ziminviktor@yahoo.com,16
ivanna_1998@omega.info,48
demid89@npo.ru,99
fomichevaekaterina@vinogradova.ru,106
natalja1980@nikonova.org,57
svetozar_97@ovchinnikov.ru,27
vadim1978@yandex.ru,51
varvara_37@yandex.ru,35
emil92@yahoo.com,66
zhuravlevataisija@zao.info,8
kallistratrozhkov@mail.ru,10
nikolarogov@shirjaeva.biz,26
eleonora_77@gureva.ru,65
belovdemjan@zao.ru,100
fedot_2018@yahoo.com,5
levkoshelev@yahoo.com,100
tarasovustin@ip.ru,9
kudrjashovljubomir@dorofeev.info,40
miron33@rao.org,57
kallistratustinov@hotmail.com,36
lora_70@oao.net,115
nermakov@ooo.com,41
longin51@hotmail.com,79
naum_85@yahoo.com,15
martinovavalentina@oao.net,68
ypetuhova@rao.info,38
faina17@yandex.ru,94
serafim_37@zhukov.net,67
bolshakovgremislav@ooo.biz,94
kir_1984@gmail.com,55
trifon82@yandex.ru,101
natalja_2007@yandex.ru,41
alekseevmir@ip.info,66
rlebedeva@rao.ru,74
taras_2016@ao.ru,82
viktorin_62@zao.edu,13
lora1976@hotmail.com,81
nestor_2017@ip.biz,11
evdokim_1971@rao.biz,82
oksana_41@oao.net,77
kasjan_44@yandex.ru,42
igolubeva@gmail.com,88
ratmir_86@gmail.com,4
boris80@yandex.ru,10
doroninljubim@yandex.ru,25
pestovairaida@yandex.ru,85
sorokinhariton@magnolija.net,101
qignatova@zao.net,42
longin_80@oao.biz,79
foka_50@hotmail.com,115
lukjan79@rao.info,40
alekseevavasilisa@hotmail.com,59
kuzminanisim@ip.net,19
kallistrat1970@smirnova.com,94
jakub_27@vertoleti.edu,49
radimkrilov@hotmail.com,88
oksana31@gmail.com,73
vorobevflorentin@mail.ru,96
arefi_61@ao.biz,32
terentevavgust@ip.edu,7
uljana1981@voentorg.net,58
gremislav_1989@npo.net,91
viktorinodintsov@yahoo.com,33
knjazevmaksim@oao.ru,57
firs_1991@oao.ru,7
anastasija_11@gmail.com,1
nikolaevartem@rao.ru,83
fanisimov@ooo.com,24
amvrosi1999@yandex.ru,1
birjukovlev@mail.ru,80
rozhkovflorentin@gmail.com,111
jaropolk_59@mail.ru,81
prohorsuvorov@gmail.com,95
silanikonov@gmail.com,11
militsa_03@mail.ru,50
mihalovaantonina@tomskneft.net,79
onufri_83@mail.ru,97
blinovradovan@stalepromishlennaja.org,46
averjan1998@sladkovsko-zarechnoe.edu,107
bmerkushev@mail.ru,73
dobroslav_08@gmail.com,45
kuprijan_2017@roskosmos.biz,67
savelevspartak@hotmail.com,87
juli97@rao.org,14
zuevratmir@yandex.ru,104
uljan2000@mail.ru,45
ilinalora@gmail.com,28
vladlengusev@rambler.ru,80
eliseevlukjan@yandex.ru,101
blohinartemi@rambler.ru,27
gorde08@hotmail.com,103
mdementev@ao.com,39
radislavevdokimov@sbsv-kljuchavto.net,69
xsitnikova@yandex.ru,11
emilija1976@npo.com,111
belozerovpolikarp@gmail.com,95
foti_24@oao.com,26
lafanaseva@ooo.net,28
turovaanna@ooo.edu,50
ustingorbachev@oao.info,15
kabanovivan@simens.org,77
nesterovsvjatoslav@pavlova.biz,87
kabanovdorofe@ooo.net,61
molchanovaaleksandra@vorobev.info,1
evdokimovgorde@npo.org,52
andron1991@ooo.biz,62
rjabovaoktjabrina@hotmail.com,66
ljubov_31@yandex.ru,79
veselovefim@gmail.com,85
mark_1985@rambler.ru,71
afinogen_1987@yahoo.com,74
gorbunovnarkis@yahoo.com,25
panfil_1989@ip.biz,36
demjan56@yahoo.com,76
praskovja53@rambler.ru,112
matveevvsemil@yandex.ru,59
nikifor2002@npo.edu,21
roman1976@hotmail.com,110
oksana03@hotmail.com,90
antip_92@oao.biz,83
luka29@gmail.com,62
tarasovereme@ip.biz,99
makar_1995@rambler.ru,72
dabramova@ooo.net,16
koshelevtrofim@mail.ru,105
nekrasovepifan@rambler.ru,100
bobilevaevgenija@gmail.com,101
cnoskova@hotmail.com,59
glitkin@rossiskaja.info,70
beljakovkuprijan@zao.ru,115
sofronsobolev@yandex.ru,106
adrian73@zao.biz,40
selivan_1986@davidov.biz,46
serge_1973@ao.edu,38
vasilevmina@hotmail.com,56
lobanovataisija@gmail.com,46
bogdanovignati@timofeeva.info,90
budimir_1980@yahoo.com,61
burovsaveli@yandex.ru,38
varfolome1998@npo.org,91
ostap_1995@holding.net,94
svjatopolk2002@mail.ru,41
poljakovprohor@ip.net,104
zinaida_1990@metallstandart.com,93
orehovonufri@ip.ru,82
rogovsvjatoslav@pkf.ru,106
kotovandron@ooo.net,113
smiheeva@rao.net,5
kozlovaveronika@npo.net,3
fortunat_2004@ao.org,79
zinovisolovev@rambler.ru,74
pavlovaskold@yandex.ru,51
burovaoktjabrina@kontsern.edu,79
ipatikondratev@rambler.ru,112
shestakovkliment@oao.org,16
feliks_2014@gmail.com,0
sergeevtimofe@hotmail.com,45
ratiborkudrjashov@yandex.ru,26
izjaslavkuznetsov@rao.ru,43
semenovaevdokija@vishnjakov.biz,12
trifonstrelkov@gmail.com,104
platon34@rambler.ru,46
