id,name,price
25389,Банк триста плод сынок неудобно поезд неожиданный.,1835.98
54759,Пропадать беспомощный равнодушный.,375.75
56751,Что мягкий роса научить необычный домашний командование настать.,3354.86
78120,Товар назначить медицина секунда увеличиваться.,5270.2
85971,Скрытый наступать предоставить невозможно посвятить хозяйка.,1765.52
81585,Вряд пропасть поздравлять грудь налоговый спешить.,2685.47
74259,Падаль лететь выкинуть советовать выражаться запеть.,2972.74
47030,Приятель развернуться заявление вздрогнуть бригада мрачно штаб.,452.69
38088,Вытаскивать ярко совещание проход легко тута.,7443.47
95149,Неудобно приличный рай.,9105.26
22658,Головной более подземный товар юный задрать.,9305.68
63304,Карман бак успокоиться при дружно ставить.,4357.58
76679,Коллектив роскошный трясти дыхание товар медицина.,4386.11
87204,Ученый радость граница через строительство счастье снимать холодно.,6581.83
78568,Жидкий ныне какой одиннадцать сбросить достоинство.,4205.66
51991,Затянуться спорт господь ребятишки жидкий.,6293.04
13910,Торопливый бровь деловой привлекать пересечь дорогой.,1644.51
95358,Призыв четыре разнообразный песенка совещание собеседник ручей.,3743.16
83847,Валюта провинция находить желание потом.,4407.78
30894,Ботинок угол жидкий ответить.,3630.09
38482,Стакан деловой июнь.,7376.78
59851,Выражаться непривычный парень заявление кольцо прежний передо серьезный.,1928.4
97411,Иной порода новый да.,4468.93
55018,Похороны темнеть вообще.,3586.29
66708,Жестокий сынок валюта рот мелькнуть.,9888.29
14898,Гулять мелочь затянуться некоторый.,919.05
31413,Рай очко сходить ручей.,9155.59
97088,Вперед крутой школьный гулять функция плясать.,1758.2
38844,Потянуться вообще настать дальний адвокат пространство.,2585.23
10855,Неожиданно близко что опасность опасность крыса тута самостоятельно.,1727.72
32331,Возбуждение ход обида пробовать.,2905.95
16621,Вытаскивать засунуть редактор жить советовать степь.,3385.68
72903,Ярко ремень цепочка наткнуться исследование хотеть кольцо.,3125.63
65754,Второй результат запустить угроза.,3576.52
18455,Присесть намерение прошептать правый отъезд.,9550.77
64151,Возможно народ число правый жить около.,2270.2
22474,Конструкция отметить подробность расстегнуть.,1321.83
68749,Термин монета каюта табак предоставить солнце.,8832.68
27755,Бак сомнительный носок торопливый левый жить правильный полюбить.,7596.91
14266,Похороны миг медицина.,6896.4
28640,Спорт подземный кидать хлеб предоставить изменение.,1820.82
16734,Интеллектуальный команда плод плавно монета.,3096.52
15645,Через мера поезд дурацкий эффект каюта запретить.,8441.1
80556,Бочок похороны прелесть цель поговорить.,3541.68
60911,Товар тяжелый легко очередной войти пища витрина.,2126.09
68095,Бок освобождение успокоиться легко.,3416.91
44734,Невыносимый развернуться цель умолять услать лапа четыре коммунизм.,1008.81
19172,Провинция каюта выраженный да.,458.8
60639,Горький функция космос рота встать хозяйка спалить.,3721.9
95164,Проход ломать точно.,4210.82
59276,Слишком одиннадцать руководитель заявление пламя.,8021.58
39619,Ставить протягивать чем мягкий.,5441.17
39125,Пламя слать жить ответить забирать.,6400.22
68908,Дыхание житель хлеб мальчишка.,2757.36
61302,Манера труп войти падать ведь решетка правление крыса.,712.45
11953,Ход князь теория невыносимый витрина умирать вывести премьера.,2935.44
11200,Мальчишка нож строительство отражение дьявол самостоятельно спасть нож.,4256.23
11457,Слишком фонарик лететь зато социалистический.,7580.66
64610,Экзамен совет гулять даль успокоиться.,2285.26
58670,Совет ручей хлеб райком дорогой подробность.,9274.71
69508,Вскинуть рабочий пол способ тута мера наступать.,7607.06
68280,Доставать назначить медицина.,9301.98
69458,Предоставить набор реклама лапа пропаганда юный.,8610.74
94321,Нажать рот триста палка сынок.,396.02
27092,Деловой правильный тревога плавно социалистический похороны.,8249.49
51472,Грустный мягкий мелочь инвалид очутиться низкий.,2820.11
18847,Торопливый зеленый монета художественный.,3669.44
29594,Выразить ответить мгновение изображать изба.,1106.23
10533,Снимать горький невозможно возмутиться голубчик добиться.,1822.08
86478,Зарплата отметить адвокат зарплата палец инфекция изба.,7788.23
70394,Ведь тысяча стакан что.,6420.36
33829,Правление рассуждение шлем эпоха левый развернуться дошлый.,7328.23
48204,Торопливый поймать торопливый деловой.,1049.95
26480,Встать ярко тревога смеяться.,2081.82
23720,Порода юный снимать процесс приятель исполнять.,2360.17
42188,Научить пол деловой упорно багровый падаль.,8646.6
92952,Июнь посвятить правый разуметься очередной.,8154.63
54964,Тута изменение гулять призыв командующий кидать.,6447.72
75747,Багровый медицина горький уронить запустить.,9614.88
21724,Слишком скрытый процесс лететь правый место.,9982.99
63684,Пространство спорт неправда вообще.,7800.95
32095,Адвокат порт бегать заплакать изредка.,280.19
96239,А дыхание прелесть.,4727.84
30560,Мгновение приличный забирать правильный дьявол.,503.07
76951,Заложить выраженный через танцевать тяжелый.,5762.69
42899,Зачем заведение запустить лететь.,2573.59
11534,Услать освободить означать присесть падаль уничтожение пространство.,7917.96
24495,Основание товар радость виднеться.,201.78
54307,Зато встать художественный спалить интернет собеседник рассуждение.,6997.19
59701,Граница изучить дальний факультет правильный трясти.,6929.45
45906,Беспомощный набор слать четыре сопровождаться правильный одиннадцать.,7983.31
18898,Пятеро ленинград разнообразный освобождение угроза левый провинция.,8962.81
48637,Поколение четко зарплата крыса посидеть конструкция.,140.75
65298,Выгнать точно функция вытаскивать что.,6279.54
95920,Горький угодный тута.,9615.09
64292,Бригада отметить разнообразный трубка лететь спасть.,5602.07
39260,Тесно плясать хозяйка зеленый зарплата дальний задрать чем.,2085.02
72269,Снимать развернуться анализ мучительно смертельный бабочка.,6538.71
31271,Мальчишка потянуться написать господь мимо.,7445.16
59421,Витрина одиннадцать один смеяться расстройство наслаждение.,2187.3
11376,Заработать народ столетие.,1734.33
35254,Фонарик чем возможно мягкий.,115.09
66261,Бак посвятить изба один госпожа бровь.,8707.32
73116,Вздрогнуть выражение пересечь протягивать самостоятельно.,5007.15
11382,Дремать проход похороны столетие.,5284.22
27002,Выражение кожа присесть витрина изучить.,2380.6
72880,Изучить подробность набор число картинка передо написать.,1278.03
95028,Зато монета плод вряд пастух выраженный устройство.,8933.01
33593,Выражение блин левый штаб очутиться мусор.,9591.47
27849,Степь настать пробовать.,4549.09
27260,Угодный природа житель демократия очко.,374.54
27046,Социалистический другой оставить изба.,8557.56
80609,Господь секунда ответить спичка карман.,3998.67
72401,Плод выражение конференция командир.,2405.35
68491,Порог анализ одиннадцать командование приличный возникновение.,9899.25
51098,Заведение возможно расстройство передо пасть.,2786.99
54206,Инфекция доставать место лететь июнь хлеб за.,3048.93
48428,Скрытый академик терапия мотоцикл войти.,6296.14
56646,Мальчишка свежий палата забирать приятель.,7067.77
13026,Песенка каюта обида следовательно.,4688.18
37258,Потрясти возможно предоставить научить.,6915.52
41900,Тысяча отъезд свежий командир означать.,4121.61
75302,Вскакивать столетие спичка.,9529.21
95826,Неправда заложить прежний соответствие изменение.,8139.69
68714,Прежде мучительно четыре пасть наткнуться.,4893.93
73770,Решетка неожиданно свежий предоставить мрачно дорогой сынок.,3765.17
83952,Аж о освобождение райком устройство.,7202
93773,Рассуждение новый школьный промолчать.,7392.67
81678,Запретить торопливый четко аллея приличный.,5570.89
46113,Дальний миллиард за район.,7516.44
48287,Валюта указанный радость термин спорт призыв.,1368.93
19673,Факультет пасть задрать магазин радость.,4054.84
93354,Господь социалистический тревога полностью.,161.54
77639,Белье совет невозможно.,7132.21
75611,Добиться мрачно плавно сынок сутки рис.,8331.08
80857,Сопровождаться отъезд слишком.,30.64
77462,Социалистический вариант приятель что.,1851.41
52459,Хлеб иной интернет через инвалид указанный ребятишки.,1959.19
37426,Команда кожа июнь господь сбросить народ задержать.,4362.1
51166,Исследование штаб премьера угол постоянный зеленый что лиловый.,1851.74
22656,Скользить армейский девка видимо выражение художественный пятеро.,2458.08
64328,Строительство монета мрачно смеяться висеть сходить.,4112.21
17420,Снимать падаль ремень иной поймать место.,9094.19
12811,Потянуться цвет ответить бровь видимо славный.,3851.21
35105,Карман сверкающий посвятить солнце устройство написать близко.,860.46
25994,Гулять одиннадцать выгнать мрачно славный жить монета.,6524.56
64896,Командир ученый коричневый казнь.,680.95
36622,Передо бригада вариант.,3194.95
44212,Цепочка художественный картинка тута передо.,7008.73
66198,Райком тесно нож радость отъезд неправда.,9966.14
12549,Серьезный спичка через боец пересечь исполнять.,4931.19
34645,Домашний деловой реклама выраженный сохранять мимо через ход.,9341.49
95741,Скрытый кидать вывести радость коммунизм.,235.1
18461,Лететь пространство сынок миф.,8273.69
66804,Наступать более монета выражение.,2638.35
70927,Мотоцикл расстегнуть новый социалистический.,9206.05
73923,Порода плавно сравнение цепочка нажать вряд.,3833.86
64520,Спасть бровь инфекция плод советовать социалистический дьявол.,8762.33
50716,Хозяйка зато рабочий умолять означать.,9960.77
75307,Мгновение секунда пол наслаждение прощение.,8500.92
91487,Проход очередной человечек появление дьявол.,4549.46
94732,Промолчать труп ярко адвокат.,9552.42
28382,Миф означать опасность тусклый социалистический еврейский.,6421.32
96164,Рабочий социалистический сходить покинуть.,5926.53
22320,Точно желание актриса набор.,5804.62
46204,Оборот умолять бок бак.,2831.28
21849,Спешить отъезд перебивать применяться изучить прощение.,5901.8
26684,Ученый сверкающий инструкция способ вытаскивать слишком.,1347.07
61427,Освободить строительство выгнать снимать плод ученый мрачно налоговый.,5729.79
61433,Чем развернуться горький спичка голубчик аллея.,5043.61
29205,Даль совет деньги руководитель отражение.,7584.98
67634,Место выдержать тусклый зато рот одиннадцать.,4980.9
62284,Рот табак непривычный ребятишки выражение лапа скрытый природа.,3295.84
48475,Полоска поздравлять оборот угол назначить неудобно лапа.,6575.47
51287,Набор пастух потом мгновение ложиться за неудобно.,3168.17
50323,Освобождение темнеть вряд.,7207.06
60173,Дрогнуть падаль вскинуть головной уточнить угодный.,1515.55
57825,Равнодушный упор полоска боец головка домашний.,9321.71
75524,Военный исполнять встать спалить.,2430.99
90783,Мягкий встать тревога очко висеть витрина место.,8515.56
14398,Конференция спасть фонарик голубчик вариант порог выразить.,7446.49
63202,Четко заявление крыса.,8571.57
33540,Предоставить теория мелькнуть хотеть нервно.,3862.99
76520,Другой мягкий изба мгновение упор бочок.,7559.68
16652,Заявление приличный спорт засунуть школьный.,667.39
95247,Совещание слишком господь.,8355.5
52380,Ягода новый горький ответить.,2688.4
38887,Волк неправда слать житель каюта.,9981.27
25483,Набор сынок реклама возмутиться зачем число.,9528.52
94791,Инфекция провал приходить блин ученый способ спорт.,8134.74
86207,Блин дурацкий болото цель.,3934.53
44211,Счастье научить куча возможно опасность монета очередной очко.,4382.6
64813,Конференция бетонный боец.,8619.64
50899,Растеряться деловой угроза даль куча.,43.66
52858,Печатать инвалид даль естественный.,6389.65
37498,Прелесть штаб задрать.,6669.28
58033,Выдержать цвет счастье манера волк.,5513.7
83455,Термин угодный заложить порядок функция совещание более крыса.,9440.27
81692,Важный плод дружно куча.,6265.15
78197,Сбросить деньги терапия.,6736.95
58727,Место потом поколение крутой палка монета функция.,1224.79
79275,Применяться ленинград ленинград угроза.,4606.93
47475,Висеть руководитель правление порядок висеть.,8985.3
12645,Хлеб доставать выразить бровь.,3345.34
62823,Естественный основание выражение спалить.,9296.38
99941,Покидать факультет космос пробовать домашний команда.,17.82
72940,Ленинград смертельный куча кпсс космос.,9587.74
59272,Премьера волк рай социалистический смертельный грудь.,6858.46
31163,Угроза смеяться уничтожение порядок сынок деловой степь.,3111.31
28091,Прощение команда господь сустав изба скользить.,9677.83
62094,Единый грудь выражаться вздрагивать.,695.32
90411,Услать июнь издали уточнить разнообразный.,3741
12390,Вчера багровый устройство сутки.,3470.91
20288,Полоска висеть рота триста приятель.,9213.7
49779,Танцевать мотоцикл изображать рота означать бригада.,7931.42
92475,Правление спасть возбуждение руководитель.,4909.25
60600,Кожа выражаться багровый зачем виднеться подробность.,7226.44
37474,Лететь пол хозяйка.,8259.75
35289,Академик ночь исследование.,5636.01
43725,Помимо тревога пропаганда интернет рай бровь.,3266.13
65263,Заплакать смертельный мальчишка единый назначить торопливый.,1600.38
29559,Гулять лететь термин четыре указанный ведь.,4611.08
89852,Расстройство бригада фонарик.,2317.33
67197,Полюбить ботинок задрать близко плясать.,6187.42
63483,Багровый расстройство славный подробность подземный.,5798.59
93868,Вариант необычный палата ведь.,9450.15
19859,Выкинуть тута сустав возникновение стакан.,265.31
66137,Запеть ход ломать лететь металл зачем.,9648.46
16107,Полоска какой очередной жестокий издали сверкать.,3847.94
13027,А разводить возбуждение отъезд гулять грудь.,7796.12
54714,Функция неправда сустав.,8659.45
85788,Магазин изменение потрясти.,3011.66
74331,Мгновение расстройство снимать тысяча деловой засунуть соответствие.,6591
17045,Уронить приятель провинция господь покидать.,1423.56
37457,Изба карандаш беспомощный тесно плавно пища материя.,5130.89
12608,Развитый хозяйка правление космос монета.,4163.56
22128,Фонарик славный нажать шлем юный горький.,8146.75
97330,Бригада господь песня привлекать редактор жидкий болото изба.,5638.89
92704,Появление полностью важный эпоха очутиться.,6447.22
14103,Вряд домашний услать скользить тюрьма.,967.23
44589,Новый ручей покинуть монета багровый.,6828.71
59601,Носок руководитель какой валюта выраженный песенка.,1000.76
95967,Увеличиваться медицина дрогнуть пламя.,4259.52
89078,Легко устройство провал желание.,2990.36
73167,Спичка порт степь.,5048.29
88606,Трясти ягода понятный пространство очутиться пастух торопливый.,6307.72
60301,Витрина мотоцикл грудь освободить упор.,2215.35
47361,Покидать волк ставить кпсс.,4008.44
45288,Бабочка товар число вздрагивать остановить ручей боец.,9273.71
14719,Полностью изредка иной народ.,1293.18
91473,Покидать пересечь бок горький эпоха снимать.,900.05
88111,Нервно вздрогнуть костер степь растеряться экзамен.,9581.22
71833,Выразить темнеть сопровождаться иной.,9106.02
23890,Жестокий пища социалистический естественный о бок важный ягода.,2615.36
10595,Возможно точно кузнец ягода промолчать крыса решетка процесс.,7742.6
35611,Совет присесть бабочка.,5695.47
43182,Построить равнодушный доставать исследование выдержать построить.,7488.44
66251,Адвокат секунда танцевать пробовать горький лететь.,6965.52
60357,Тюрьма палата отдел смеяться горький вывести.,6298.44
13980,Мелькнуть слишком медицина.,7437.49
71935,Падаль команда пастух белье торопливый совещание угроза.,1424.27
68129,Боец близко медицина войти.,5363.45
51552,Некоторый невыносимый мотоцикл металл секунда покидать слать.,9894.82
10374,Некоторый правильный выгнать темнеть расстройство низкий бригада поймать.,9506.47
84616,Четко счастье одиннадцать.,954.73
95575,Сохранять висеть другой затянуться пространство славный.,7951.72
90953,Крыса естественный тревога упорно механический собеседник.,8050.66
63569,Волк результат посидеть тревога.,4162.42
26409,Беспомощный тюрьма ответить правый человечек провал.,4715.07
21918,Пересечь кожа головка июнь запретить.,9118.49
45979,Войти засунуть порог порядок.,5334.96
49911,Результат инфекция упор нервно прощение угол единый.,9862.56
30154,Шлем теория заработать багровый природа.,6451.87
87645,Изредка трясти юный дрогнуть.,5812.23
81962,Соответствие выкинуть спорт поставить зеленый.,127.72
16139,Бетонный прежний умирать ленинград прежний ягода деньги.,9882.01
29885,Предоставить экзамен механический направо ломать.,37.56
41341,Жестокий рабочий дурацкий мальчишка рассуждение возбуждение пространство.,1253.25
91610,Равнодушный еврейский валюта деньги.,4348.55
58090,Очко невыносимый вздрагивать художественный пятеро шлем провинция.,7936.34
32460,Да тюрьма вскинуть мелькнуть висеть.,6018.81
99465,Выраженный сходить покидать вчера порог выразить.,4911.67
71064,Горький цель находить возникновение материя.,3960.36
82034,Пропадать головной лететь прощение механический.,2985.2
28811,Провал порядок лапа природа художественный степь результат упор.,4628.43
58971,Сынок затянуться школьный палец князь медицина.,7497.71
52166,Металл сынок очутиться тесно грудь.,6398.76
33118,Разнообразный бровь вряд горький падать зарплата ярко.,4958.8
87851,Намерение ребятишки бригада чем заявление отъезд лететь домашний.,1777.02
38367,Печатать сутки ученый смелый конференция.,1982.42
11273,Жить устройство мгновение руководитель.,9795.56
52284,Ночь аллея тюрьма художественный болото второй.,141.59
41927,Правильный дремать бочок функция.,3017.66
80989,Коллектив правление металл монета доставать задержать.,543.63
51761,Инфекция хотеть умолять экзамен налево.,5460.68
21060,Неожиданно важный проход цель дыхание цепочка сомнительный.,7573.14
25072,Поставить крыса роскошный роскошный гулять рота.,6797.36
21760,Мягкий аллея солнце привлекать помолчать багровый художественный.,153.91
67448,Через сустав бак экзамен монета выдержать.,5242.71
78269,Затянуться тута легко горький расстройство порт.,2447.32
83353,Приятель ложиться человечек уточнить подробность.,918.08
73469,Песенка рассуждение правление желание успокоиться.,6881.58
77332,Инвалид изба советовать.,9674.15
98234,Постоянный новый тяжелый.,6422.14
29021,Выкинуть интернет пламя бочок.,809.16
38054,Цепочка некоторый багровый актриса господь.,1140.84
66609,Строительство успокоиться разнообразный тяжелый мальчишка выгнать.,7084.71
25214,Приличный кпсс еврейский руководитель оставить изображать покидать.,2364.46
29516,Художественный увеличиваться головка смелый лапа.,6698.97
53674,Сутки построить тута сынок легко.,1548.52
30729,Голубчик понятный вообще подземный помимо а.,3650.97
49656,Падать настать хотеть монета коробка рабочий.,3095.33
24229,Возмутиться полностью передо полевой жить вперед угроза.,6491.54
80996,Редактор выбирать ответить торговля госпожа приятель.,5542.05
67403,Тута изменение отдел волк рабочий увеличиваться.,7101.58
29896,Художественный слать степь добиться запеть.,3152.22
52655,Плавно ныне манера передо невозможно.,8103.24
53543,Настать беспомощный факультет привлекать головка.,9296.55
14421,Райком тысяча ночь пол.,5984.74
10819,Опасность четко задержать художественный девка.,3208.33
75147,Мимо основание бетонный сходить.,1593.45
84140,Коммунизм деньги сутки результат.,4714.07
50792,Цель ложиться поздравлять бегать обида тревога.,7714.02
94650,Сустав упорно отдел коробка.,1277.2
72382,Рай наткнуться спорт передо приличный растеряться правый висеть.,9797.88
86642,Выдержать пламя легко.,5616.68
93374,Крутой отдел стакан карандаш указанный военный господь.,7800.13
34225,Плод освободить командир снимать.,4554.11
50270,Хлеб научить жить.,7989.46
90134,Задрать плясать конференция появление коричневый.,6303.59
99816,Второй очко функция пробовать присесть художественный спорт.,757.06
83682,Важный подземный серьезный задержать костер.,7492.24
61740,Природа непривычный заведение карман плод передо.,7674.35
88629,Табак ставить школьный тюрьма металл плод.,612.9
79699,Видимо порядок порог мучительно выгнать термин увеличиваться крутой.,4075.89
21990,Гулять посвятить темнеть строительство каюта отъезд прежде.,9714.52
61327,Еврейский космос тысяча ярко место бригада крыса.,2455.81
49994,Падать сходить ответить пересечь триста актриса.,1273.92
85146,Космос потом поймать.,2224.95
14750,Сутки неправда шлем.,3225.48
85439,Вздрогнуть салон монета народ.,6958.32
43173,Бригада применяться эффект необычный развитый.,1059.34
26769,Пропаганда пропаганда издали поколение дьявол спалить.,3963.17
79972,Свежий покинуть спешить правый каюта изредка слишком решетка.,8234.59
76586,Мотоцикл нажать спорт картинка появление призыв ночь.,2503.84
65418,Лиловый указанный приличный адвокат печатать.,5596.96
99897,Освобождение тесно затянуться разнообразный настать.,732.04
42646,Пища угроза ярко угроза миг.,1232.83
57692,Функция снимать приятель бетонный устройство левый анализ.,6581.53
12345,Сверкающий неправда сынок спасть.,6036.55
60047,Носок задержать домашний запеть актриса монета пища.,1991.92
91413,Гулять нервно понятный близко дружно рот пол.,9984.96
33691,Счастье некоторый запретить солнце упор художественный вчера.,1052.14
20092,Разнообразный кпсс материя коммунизм.,8506.66
40911,Казнь вообще ленинград инвалид достоинство висеть мрачно.,9752.47
56986,Умолять второй сверкать ставить трубка полевой.,1204.41
25047,О тута неожиданный ремень да носок.,7596.09
84847,Уронить карандаш назначить.,8945.1
74533,Грустный применяться важный палата.,230.55
98224,Собеседник спичка сынок да.,2314.6
89277,Одиннадцать способ приличный полевой кпсс.,8602.25
52729,Госпожа пища трубка инвалид прелесть второй.,1464.58
60401,Зачем пасть привлекать светило мучительно исполнять роса.,6433.81
35085,Деловой заработать освободить выдержать бровь неожиданно.,8195.51
77090,Художественный тесно головной.,4022.39
70166,Мелочь ручей необычный рота столетие лететь скользить.,9826.49
19231,Спасть цвет рабочий настать полоска вытаскивать совещание.,4732.32
49093,Указанный кпсс цель сходить спасть спорт потянуться.,3349.69
20385,Другой слишком запретить лететь аллея дремать.,4289.33
16691,Аллея мелочь выкинуть солнце школьный да костер.,8757.22
61454,Наступать терапия миллиард оставить применяться вряд магазин палата.,1648.06
12360,Подробность правление валюта степь разуметься.,9177.97
76385,Остановить монета выразить ход трясти крыса.,575.32
81587,Неожиданно новый засунуть растеряться коробка.,4208.76
61200,Опасность танцевать сбросить возбуждение решетка.,623.71
66407,Расстройство трубка крутой покидать вывести издали.,2552.05
30034,Госпожа появление устройство манера слать подземный зарплата.,9298.85
18628,Прежде намерение порог рассуждение кидать.,9543.11
35756,Прежний появление снимать сохранять.,9291.03
50454,Неправда упорно один отметить парень.,4156.99
69449,Князь ученый художественный ночь.,6157.98
39639,Приличный неудобно товар торопливый четыре.,248.57
63152,Тусклый белье бабочка пища слишком магазин.,9053.46
86105,Смеяться приятель зачем коллектив.,6871.61
93560,Сустав правление указанный полоска.,9150.01
41265,Выдержать приходить падать прощение поезд.,869.62
45118,Боец выраженный рис рабочий да фонарик социалистический.,2812.26
19362,Привлекать издали вскинуть бригада плод инфекция.,7696.58
93770,Войти тесно крыса.,4414.04
37437,Дрогнуть сынок заведение непривычный.,3919.01
54487,Совещание тусклый дурацкий спалить.,4749.22
77694,Тысяча мимо важный изучить триста магазин.,730.45
15501,Бригада ныне решение уронить витрина волк низкий.,7709.27
66414,Решетка трубка материя эффект.,3913.28
36815,Новый даль прощение гулять угроза.,6194.36
82930,Привлекать около интеллектуальный один уронить посидеть наступать.,7512.89
31259,Бок вчера космос социалистический ремень вскакивать.,8055.99
24495,Покинуть задрать уточнить.,6084.8
83017,Сынок терапия тысяча порт аж правый.,4602.19
30841,Правильный похороны иной о волк.,3272.71
84990,Остановить функция естественный порядок.,1345.73
98380,Карандаш функция правильный четыре.,7790.94
84730,Полевой мальчишка умирать тусклый жить рабочий.,3671.14
28708,Четко юный спичка пропаганда.,2288.59
36763,Способ печатать сравнение отъезд бригада оборот вперед.,2134.45
30359,Пятеро наткнуться пропаганда ученый коммунизм порода команда.,9968
94668,Миф посвятить проход налево спалить покидать услать.,4583.45
37367,Прошептать левый ложиться прежний.,6071.35
23615,Доставать нажать ответить вообще проход.,5903.17
95945,Природа жить вытаскивать наткнуться.,2443.66
57119,Изменение помолчать совет порядок спасть точно забирать.,9187.83
88892,Изменение естественный вытаскивать чем пробовать.,6176.95
60142,Роса да аж поколение роскошный некоторый.,6213.53
71188,Сомнительный полностью цепочка зачем приятель мусор художественный смертельный.,34.59
85449,Приятель забирать издали висеть.,8989.88
21519,Налево инфекция дошлый выбирать.,5682.08
39536,Изредка мелькнуть неожиданный появление сохранять.,350.06
85857,Упор монета поздравлять покинуть оборот роса.,2608.21
93976,Число нож висеть мимо столетие.,8361.94
26035,Виднеться ломать заложить темнеть мгновение мрачно.,4688.35
93753,Пропасть лапа дьявол наступать чем пропасть.,5734.88
37662,Руководитель растеряться необычный граница бак естественный оставить успокоиться.,3952.26
76844,Юный механический ответить запеть тысяча результат промолчать ленинград.,1585.89
21365,Поговорить потрясти мотоцикл.,81.83
71564,Интернет четыре совет трубка.,2985.17
35962,Налево оставить решение вскакивать настать.,3627.36
90926,Близко спорт коммунизм оставить.,3470.95
59799,Витрина интеллектуальный дурацкий заведение угроза.,7358.55
35310,Слишком изба поставить.,6762.26
73771,Холодно уточнить бригада смеяться постоянный вздрагивать цель.,2115.45
83109,Район багровый поезд сохранять коричневый.,1545.54
89623,Бригада жить запустить сынок передо пятеро житель.,1430.85
14367,Сынок расстегнуть счастье падаль исследование зачем дорогой.,1085.58
92809,Невыносимый передо иной.,2958.89
77645,Заработать упор поколение ложиться пасть крыса идея.,6023.45
13179,Июнь успокоиться падаль деньги сынок ученый сравнение.,5209.79
84256,Вывести находить поколение услать печатать пространство.,3247.64
43410,Ленинград ученый спалить встать.,3520.17
22154,Иной цель рабочий вчера.,528
10398,Ведь наступать слать издали вздрагивать поговорить.,6880.71
83256,Ныне человечек прошептать карман ленинград правление.,9140.48
70611,Сверкать грустный издали.,4781.04
95630,Научить смеяться инвалид дьявол дорогой темнеть тяжелый.,5018.69
67156,Решетка белье механический полностью ответить.,9405.52
72799,Жить функция покидать ботинок наступать.,4153.45
13943,Космос вскинуть девка бочок торопливый прелесть экзамен.,4552.08
38334,Волк лиловый гулять выгнать карман.,1860.82
40757,Близко наступать господь редактор мотоцикл.,6077.71
49469,Палка приятель исследование руководитель.,8319.77
35390,Кузнец мучительно сутки очко.,8954.85
43637,Провинция устройство еврейский аллея заложить.,970.39
37576,Через вообще металл сустав вперед недостаток дружно фонарик.,8639.69
29105,Легко подробность слишком мрачно смертельный бригада.,9843.98
20847,Художественный житель слишком экзамен идея.,8636.96
71891,Коммунизм висеть сынок.,2460.06
56950,Падать танцевать космос пламя витрина.,959.79
14950,Число необычный пятеро ленинград.,1007.45
29245,Совещание близко налево факультет мучительно приятель прежде.,5860.93
70389,Посидеть встать печатать ход военный столетие табак.,2411.9
82694,Ответить более пересечь кожа редактор изменение.,7851.36
44845,Сутки другой цель.,7876.91
53962,Актриса плясать солнце освобождение коричневый.,1997.33
59475,Расстегнуть пасть художественный.,5492.61
22194,Прежде запретить мрачно построить плод нажать.,6041.54
35806,Чувство поставить виднеться разводить способ угол упор передо.,1001.52
61133,Каюта роскошный сходить растеряться миг.,864.95
80082,Плавно приличный вытаскивать наткнуться посидеть багровый поколение.,1349.17
88190,Аллея выбирать плавно вздрагивать.,6513.18
90125,Скрытый премьера волк остановить исследование каюта правление.,6713.76
99574,Дурацкий вариант находить счастье грустный висеть.,5837.49
80211,Эффект куча нажать ученый.,5954.64
96430,Что грустный мрачно чем.,3544.97
50069,Изменение жестокий иной дремать жестокий художественный.,2874.62
88768,Порода грустный лиловый монета каюта выраженный степь.,3382.21
48490,Бригада анализ еврейский засунуть ночь.,311.73
10473,Конференция палка кольцо руководитель сустав ученый оборот солнце.,3343.17
63676,Медицина пол приходить пространство кузнец уничтожение.,399.92
35073,Правление порода единый коммунизм анализ упорно.,3348.95
11625,Нервно смеяться аж банда металл какой.,9961.45
71718,Миг второй функция смертельный.,1450.24
39030,Следовательно выбирать подземный.,2172.88
91589,Инвалид руководитель свежий карандаш.,8214.45
68016,Металл бровь ложиться.,5471.63
82586,Бак мимо девка что ученый результат результат.,5086.03
96909,Цвет слать ведь приличный армейский порядок.,1763.22
20346,Подземный банда салон сверкающий запеть.,9427.75
90831,Порода ребятишки банда роса.,4867.06
44806,Дыхание смелый зеленый труп увеличиваться.,3496.13
48358,Вывести угодный салон изображать один бригада порядок.,5264.15
38947,Сопровождаться деньги монета банк командующий привлекать термин.,3518.16
78871,Мучительно достоинство мелькнуть триста.,4087.52
69843,Ленинград освободить космос выгнать аж инвалид.,5906
37863,Рот миллиард дошлый изба сохранять беспомощный выражаться.,3015.53
84101,Казнь освободить разуметься труп дорогой полевой очередной.,5673.62
23830,Прошептать более тута ручей жестокий вздрогнуть боец.,712.98
37202,Волк очередной прелесть мелькнуть наступать иной космос идея.,155.8
60923,Интеллектуальный казнь слишком ставить.,639.53
93441,Возмутиться степь сравнение.,2035.99
95992,Госпожа советовать более избегать инструкция упор нож.,8967.74
27619,Ведь ярко порядок что уронить.,8772.73
65398,Заложить ленинград слишком человечек.,3518.77
47672,Висеть деловой умирать аллея райком а.,9955.91
67009,Вариант валюта хотеть достоинство рай сынок.,2865.65
63486,Необычный танцевать разводить тревога.,9027.93
62122,Теория ярко расстегнуть пол пересечь умирать.,7779.28
89910,Разуметься разнообразный равнодушный прелесть упор.,6887
50748,Металл лететь район прежде витрина самостоятельно исследование коллектив.,4325.25
30569,Угроза прежде неожиданно призыв.,1302.05
37550,Заплакать реклама спичка песенка.,8671.1
90511,Житель штаб означать поймать сравнение пища.,1299.42
77279,Горький ленинград печатать темнеть настать витрина банда академик.,8849.3
83994,Исследование торговля призыв выражаться оборот конструкция рота господь.,6287.6
80125,Слишком зачем нажать.,7055.78
15217,Эпоха сопровождаться изображать князь применяться потом поезд изменение.,5604.14
23700,Что ребятишки рассуждение граница задрать устройство.,4279.3
65053,Материя жестокий военный пасть.,9832.42
55216,Подземный направо поколение поймать.,1938.79
79552,Бак лапа процесс очко иной ягода.,2832.52
74907,Домашний командование левый выражаться волк.,2097.87
37187,Печатать скользить посвятить ломать парень пересечь висеть.,1085.77
65255,Бровь пропаганда исполнять уничтожение сустав радость.,3219.78
63625,Поколение разводить заработать головка уничтожение.,2824.66
40271,Лапа вздрагивать да разуметься возбуждение.,5664.92
77185,Дремать смеяться пропаганда помолчать интернет четко.,4140.83
12505,Покидать дорогой число изба терапия дошлый свежий.,2698.1
98678,Сутки рай исполнять следовательно.,8832.83
89360,Расстегнуть дурацкий домашний обида командир сверкать.,2823.08
10743,Тесно войти смеяться крутой миллиард банк ломать.,2229.8
48535,Предоставить строительство лапа ведь.,6192.56
49450,Блин дружно человечек назначить запустить.,350.14
47971,Ленинград металл серьезный механический.,2910.24
76864,Более июнь бригада желание школьный через.,746.8
83285,Горький снимать неожиданный печатать заявление.,66.88
68630,Смелый доставать факультет.,4041.98
28782,Коллектив рай кпсс инфекция.,8360.44
39364,Кузнец металл совещание космос число мягкий рис.,5418.27
31290,Гулять угол художественный приличный.,3243.53
70084,Космос изба проход четко.,6730.41
27040,Дружно прежде бровь второй монета.,1027.3
22702,Приятель июнь казнь перебивать угроза угроза степь угол.,8606.96
99354,Сутки угроза заявление редактор.,9382.19
60955,Процесс прежний заведение равнодушный.,1632.6
43352,Рассуждение неудобно при палата магазин.,2000.98
95041,Спешить новый светило функция.,9837.39
19294,Коробка развитый уничтожение монета выражаться кпсс.,1002.58
30516,Болото дрогнуть рис поговорить белье.,4960.4
97114,Изображать некоторый миг материя налево означать.,9057.91
33583,Тесно помимо вперед услать расстегнуть плавно.,7126.55
39464,Пробовать монета научить район сутки.,4387.14
57709,Пастух печатать миг спичка жестокий настать ботинок.,8062.95
31243,Вообще актриса волк точно.,9382.19
85268,Обида направо триста поздравлять магазин спалить.,6849.34
44293,Багровый виднеться растеряться близко тяжелый мелочь.,7898.52
25013,Терапия плод вздрагивать четыре идея роскошный изменение.,1982.09
26145,Очко да военный зеленый заведение сомнительный спорт.,7462.35
30916,Выраженный металл полностью куча танцевать песенка.,2396.68
74103,Вряд написать настать оставить солнце ученый идея славный.,5645.84
67662,Предоставить головной факультет точно вскакивать пропаганда.,2199.57
79779,Художественный плясать четко встать снимать.,2083.93
84568,Лапа приличный поколение соответствие.,2348.42
50990,Понятный единый легко освободить построить спорт столетие.,280.63
16815,Встать блин встать вообще видимо трясти настать цепочка.,9376.05
36759,Функция премьера поймать июнь мусор поколение редактор.,6230.09
84716,Вчера поговорить аж дурацкий возбуждение рай сверкать.,4875.69
38394,Князь изба торговля чем вчера ребятишки.,7693.1
91066,Изображать мотоцикл армейский другой.,1972.05
78275,Триста ложиться поставить спешить.,7047.97
36811,Бабочка понятный падаль уточнить разводить.,8363.45
34235,Умолять запретить настать лететь командир.,6616.29
87496,Господь видимо белье засунуть.,5658.93
58008,Сверкающий задрать тревога шлем.,2141.06
28389,Освобождение песенка присесть роскошный шлем хотеть цепочка.,8109.23
88842,Космос порядок легко сверкающий.,6466.33
52084,Пространство приятель засунуть ремень.,3342.51
33217,Перебивать отметить вообще лиловый.,6916.22
16334,Четыре торопливый танцевать темнеть.,8322.07
19420,Монета способ порода отражение.,3794.65
20018,Мелочь граница манера сынок настать пропадать.,3159.76
48559,Сустав лететь выкинуть пространство рота.,5289.78
85830,Роскошный построить недостаток смертельный исполнять отметить чем.,6892.6
72715,Трубка демократия ломать бригада полевой палата.,9188
39629,Выбирать карман жестокий предоставить хлеб уточнить полоска очко.,5205.66
85389,Написать услать интеллектуальный лапа.,414.49
71879,Сутки пространство мелочь вскинуть скользить зима каюта.,7439.89
40909,Полевой неудобно наступать боец порт палец термин налоговый.,6947.94
43612,Парень картинка рассуждение блин передо решение мрачно.,5604.94
43607,Проход очутиться помимо налоговый заплакать редактор дальний.,2311.16
37681,Зато совещание провал карандаш.,8268.32
92358,Белье поезд остановить расстегнуть развернуться.,4582.27
13164,Посвятить еврейский лететь песня другой один трубка.,6042.58
48201,Рай каюта вряд реклама домашний расстройство горький.,5257.6
19112,Рабочий около лететь монета жить.,8173.91
68471,Исполнять скрытый актриса полоска налоговый идея тысяча.,8826.9
80549,Бригада штаб князь термин палка ведь природа.,8645.54
72414,Ярко художественный около светило степь.,6499.81
89142,Передо освобождение куча палата школьный освобождение.,9021.72
88650,Бетонный манера помолчать.,3872.1
17088,Результат район анализ дошлый конструкция цепочка интеллектуальный.,63.61
73972,Голубчик художественный спасть провал правление призыв.,5441.72
75253,Естественный способ виднеться реклама полевой выражение.,9181.34
76150,Дурацкий счастье да желание лететь.,9086.82
66699,Житель да художественный народ пятеро сутки.,3640.66
61545,Посвятить провинция направо.,3725.87
54552,Естественный полностью головка развитый достоинство выбирать.,1955.36
70508,Падать металл дыхание академик парень скрытый художественный.,6500.14
58615,Разводить набор встать пересечь второй перебивать.,8708.43
84909,Появление банк избегать да цепочка.,2789.77
41151,Манера демократия жестокий пол зачем возможно.,6337.15
96721,Тусклый неправда вскинуть войти монета сустав.,3504.06
86597,Аллея точно написать.,7348.03
92686,Район кузнец слишком деловой обида услать.,1180.24
88789,Палата мгновение монета исполнять премьера сынок.,411.94
56367,Развитый близко тута художественный.,1507.59
53465,Конструкция лапа бак цвет отдел способ.,3628.06
80531,Металл естественный успокоиться карман.,2711.13
19655,Дальний четыре миллиард художественный сравнение число привлекать.,2463.18
20269,Вперед ныне печатать приятель.,8570.26
20522,Решетка грустный трясти.,6317.6
43140,Смертельный шлем другой постоянный ответить правый пропасть один.,9913.34
42365,Плод опасность палец ручей военный встать.,903.48
57345,Куча пол головной потянуться.,4150.07
38436,Пространство кпсс иной миф разнообразный.,508.28
48150,Пропасть пища зачем кидать сверкающий запустить.,2515.32
30241,Темнеть за хлеб приходить покидать ход медицина.,1477.82
92975,Человечек плавно прощение банк недостаток карман пространство желание.,1211.39
44904,Жестокий деньги избегать.,7119.04
43927,Иной разводить терапия поколение.,98.57
34493,Спалить невозможно желание юный добиться темнеть сустав.,4702.97
11584,Возмутиться инфекция кпсс изменение скользить основание очередной.,3805.85
26420,Рота ремень рот господь выражаться левый.,4273.99
11488,Мелочь спешить функция наслаждение поставить зато спалить.,9468.47
10593,Обида плавно дружно грудь самостоятельно остановить.,1380.97
97364,Приятель даль тюрьма выкинуть трубка.,967.38
52365,Выраженный вздрагивать картинка хозяйка смелый полоска.,7006.54
32868,Выдержать торопливый слишком порог ставить.,7165.17
86122,Теория конструкция пространство спичка налево бок ярко.,882.6
27107,Палка сравнение тревога серьезный неудобно отражение.,2584.65
32794,Настать шлем достоинство правый рот.,4343.09
36342,Цепочка цель приятель выраженный упор невыносимый выдержать.,5555.52
96448,Команда возникновение изучить самостоятельно торопливый нажать.,3725.39
86645,Вперед настать поезд низкий грустный неудобно ведь падать.,6546.12
99882,Жидкий плавно непривычный провинция вчера багровый.,6177.75
19969,Экзамен вздрагивать да бочок граница о падаль приятель.,959.03
90774,Салон намерение поезд слишком дорогой костер.,2914.19
19493,Намерение возникновение горький команда цепочка командир спешить.,1925.13
47862,Вариант дружно пропадать миллиард доставать руководитель.,1144.67
92439,Расстройство грудь банда.,4600.09
39863,Поймать юный серьезный настать спорт серьезный более.,4263.8
28235,Правый хозяйка художественный материя изображать болото.,9349.49
96059,Прелесть дружно труп сомнительный выражение падать.,5869.67
17140,Изменение другой сынок факультет другой основание.,8246.52
69243,Наткнуться строительство сустав полоска горький.,5262.48
70367,Табак посидеть июнь.,1132.17
31293,А плясать уничтожение секунда угроза правление белье.,9446.54
68664,Постоянный команда горький прелесть.,846.98
61510,Набор лететь похороны близко тревога.,8312.17
84887,Деловой крыса дремать трубка июнь коммунизм рис.,3592.36
44319,Разводить невыносимый дурацкий беспомощный.,3361.91
30061,Иной прежде чем умолять потрясти видимо.,2625.45
44302,Бак природа уточнить процесс сопровождаться.,2099.42
38214,Экзамен анализ исполнять художественный торговля казнь.,1796.6
83208,Триста головной радость вскинуть посвятить демократия.,3224.42
90702,Неправда назначить грудь тюрьма что присесть витрина.,8451.86
33188,Товар процесс отдел рай.,9022.77
63162,Уточнить пропасть шлем появление избегать деньги.,5808.55
46187,Наткнуться висеть покидать горький неожиданный монета.,7908.07
60466,Холодно ночь находить даль.,8289.17
49833,Ремень ставить оставить ботинок.,5991.54
24963,Роскошный за заплакать горький порог невозможно ленинград.,3564.23
13129,Угол столетие пространство висеть господь мотоцикл плясать.,9807.78
55062,Спорт правильный новый промолчать устройство.,1680.41
28465,Второй тревога салон сравнение призыв собеседник падать.,4810.91
86046,Запретить ныне приходить оставить запретить четко расстройство.,3012.96
36604,Левый недостаток порог рот космос.,1581.01
23632,Магазин дьявол секунда возможно рота неожиданный.,7585.65
44203,Миф слишком аж монета.,6651.32
82345,Умолять кидать роса.,132.95
64274,Неожиданный трубка юный.,4728.07
80400,Степь основание горький мусор промолчать похороны сынок.,2675.24
77363,Актриса налево легко поставить крыса.,8624.81
29703,Нож один ныне плод.,8847.74
91630,Одиннадцать конференция изучить князь.,6390.93
85866,Виднеться фонарик какой изучить ярко.,2484.11
20395,Приходить горький решение рота художественный полюбить степь.,2498.24
46293,Запеть видимо построить возбуждение.,699.44
45725,Хозяйка теория ломать сохранять факультет покидать.,434.71
52537,Банк еврейский ученый парень зачем палата правый.,422.74
97094,Четко зачем аллея означать хотеть ребятишки.,8957.01
43689,Вздрогнуть посвятить ручей крутой вскинуть чувство сверкающий.,3054.42
49323,Спорт желание пастух природа школьный нажать горький совещание.,9625.18
10266,Засунуть четыре привлекать уточнить коммунизм.,5619.32
45052,Лететь порт нажать поймать достоинство жидкий порода кидать.,6118.86
34513,Дремать низкий заявление выражаться изображать стакан вздрагивать фонарик.,1122.29
63966,Каюта возникновение запеть мучительно сутки.,4758.98
12595,Угроза строительство военный функция помимо.,8121.76
31397,Выкинуть даль другой выдержать зарплата прошептать.,4990.86
62049,Пятеро выгнать пятеро монета выражение призыв привлекать прежде.,5671.12
14835,Сопровождаться висеть стакан спорт очутиться человечек выгнать достоинство.,1003.21
37667,Услать кузнец потрясти лететь порт актриса равнодушный.,2375.28
79937,Ныне неправда мотоцикл возможно палка вперед.,5254.92
82348,Возможно очередной металл невыносимый.,6364.03
88403,Совет прошептать банк коммунизм палата манера.,7592.39
41345,Пропасть радость эпоха поезд намерение.,9373.56
46520,Запеть ведь кольцо волк смеяться прежний торопливый бетонный.,7261.81
40622,Снимать покинуть магазин число неудобно разнообразный носок.,5385.58
73539,Помимо салон смеяться коллектив вскакивать.,9174.1
24516,Провал расстройство покидать тута райком.,1295.88
31314,Поговорить угол жестокий наткнуться выкинуть затянуться.,6311.23
77631,Процесс решение тысяча монета вздрогнуть конференция экзамен стакан.,1233.33
92234,Художественный вытаскивать куча спорт штаб решение пламя тысяча.,9759.26
77618,Заложить труп наступать набор.,258.32
62565,Что редактор интернет ложиться зима плавно левый проход.,761.12
55129,Зато невозможно ученый.,1505.34
78556,Конференция иной возникновение нервно потом хотеть художественный художественный.,6164.17
41652,Процесс теория встать покинуть сходить.,6337.34
28905,Костер увеличиваться задержать наступать песня разуметься.,6273.96
13269,Сынок народ поздравлять художественный неожиданный войти что.,7053.83
17757,Пасть банк ягода манера.,6339.64
86321,Команда сбросить командование заведение добиться неожиданно.,2857.3
97091,Коллектив космос счастье выкинуть неправда подробность.,6669.1
66151,Некоторый аллея куча сомнительный.,75.12
25002,Художественный пропадать чем заработать.,7656.41
20263,Цвет витрина сходить ставить направо приходить.,770.07
84811,Поколение похороны заявление заплакать холодно наткнуться услать.,1718.36
37258,Банда выбирать основание вообще порт ведь.,4601.36
80515,Торговля спорт кузнец изменение табак.,8838.81
28514,Слать процесс бетонный промолчать.,6553.24
13797,О банк запеть пастух неожиданно возникновение.,6121.85
29378,Заплакать конференция торговля миф пламя.,9621.77
16128,Сутки пересечь коммунизм сынок чувство монета.,3700.82
62409,Уничтожение горький слишком решетка девка зато.,9193.01
75278,Запеть выражаться растеряться плод низкий сомнительный спасть.,3447.89
69091,Сходить монета наступать помимо.,8616.66
50931,Очко витрина шлем космос поздравлять.,2853.98
50522,Написать засунуть возникновение.,807.9
56424,Деловой возникновение направо ставить.,2995.35
44108,Коллектив заложить палец коробка услать головка.,7259.56
85226,Пробовать тусклый издали возможно исследование функция.,9539.25
38804,Тута близко помолчать металл цель.,7459.36
46900,Тусклый появление сбросить космос ломать.,8989.64
70437,Отметить металл дальний очередной необычный.,8178.29
69663,Сынок радость правление дурацкий командование прощение белье.,5448.33
21225,Равнодушный салон коричневый очередной пропаганда жестокий.,4356.38
57460,Направо покинуть стакан сустав пересечь потом зарплата.,228.51
11190,Ягода радость бак сбросить монета изредка заявление ныне.,3261.97
38021,Совещание конструкция набор прелесть.,5750.48
42409,Роскошный проход сынок сустав присесть.,9142.47
68689,Недостаток вздрагивать слишком за изредка налево сынок.,3854.81
81473,Неудобно вариант смертельный сходить жестокий пастух одиннадцать.,6131.72
36935,Товар мера издали мимо танцевать ход написать.,9629.44
41671,Бровь скользить школьный протягивать миф порядок бабочка.,5136.12
57257,Результат очко интеллектуальный возбуждение.,1219.44
49219,Ныне вздрогнуть школьный направо.,1402.25
38704,Спичка изба бегать тута.,8831.37
63126,Выкинуть мальчишка угодный постоянный провинция освобождение пропасть наступать.,9892.45
92891,Ночь крыса ремень.,8406.09
24203,Слишком расстегнуть костер конструкция задержать.,4889.17
48281,Тревога промолчать соответствие ручей трясти эффект ночь.,1264.4
85058,Торопливый рай протягивать инвалид цепочка вряд редактор.,7496.3
67077,Функция второй спорт уничтожение.,6944.75
77988,Граница указанный а один угроза носок недостаток.,354.37
79043,Возникновение жидкий решение беспомощный.,3270.07
35799,Ребятишки спешить услать мрачно ответить рис решетка.,3592.79
84421,Нож запустить палка житель полюбить руководитель коллектив трубка.,8997.19
49947,Манера тусклый еврейский.,6102.21
17691,Тревога пространство блин прежде точно единый посвятить.,6629.24
67004,Лапа очередной металл командир посвятить шлем.,398.45
38821,Счастье вздрагивать исполнять налево равнодушный ребятишки вздрагивать.,3821.47
36522,Песенка дыхание анализ угодный.,4896.42
79860,Материя выкинуть обида руководитель.,7942.84
63176,Покидать пересечь пересечь иной грудь построить налево падаль.,3004.42
79756,Основание ягода пересечь бок куча рот дурацкий.,3683.96
43549,Актриса применяться процесс актриса свежий.,3529.73
17967,Ведь правление космос поколение возбуждение разводить близко.,5688.5
21934,Заложить встать выражаться проход развитый.,8235.22
45636,Набор оставить возможно демократия скрытый один штаб построить.,5070.08
34192,Грудь единый правильный набор опасность направо ломать.,2550.21
88571,Выраженный мусор зато рот разводить устройство кидать головной.,4174.07
91812,Бок коробка экзамен настать пространство.,3851.7
71170,Инфекция исследование отъезд адвокат экзамен ботинок коробка коллектив.,8011.09
94608,Равнодушный поймать новый социалистический.,3464.45
78950,Прежний порог рассуждение избегать интеллектуальный тревога.,8892.68
91240,Волк возмутиться жидкий торговля хотеть печатать механический.,8169.54
28018,Грудь совещание лететь цепочка необычный слишком.,1779.94
19176,Развитый пересечь функция рабочий.,8360.57
96624,Бровь встать мелочь песенка пропаганда потом реклама.,8244.58
41957,Славный плод природа изображать.,3461.41
43827,Освобождение непривычный полоска печатать.,6872.62
79029,Рассуждение торопливый помолчать сутки.,1287.09
66388,Освободить степь поговорить кидать дошлый наступать витрина.,4567.43
44616,Разуметься правление слишком коммунизм один трубка.,3074.65
53645,Наслаждение армейский понятный пасть растеряться.,3837.97
99927,Набор актриса иной собеседник.,2621.31
88545,Мелочь костер пропадать задержать.,2380.86
43221,Житель спалить мусор команда неожиданный ягода волк.,2057.97
92803,Пастух единый мрачно приличный поколение.,8390
88681,Прошептать избегать экзамен сынок подземный.,7335.96
66061,Нервно головка дальний мальчишка бровь.,6994.42
64758,Бок дьявол выраженный провал вряд издали заплакать кпсс.,7563.95
27987,Исследование вчера прошептать снимать совет салон пасть.,3080.02
38964,Нож заплакать постоянный одиннадцать.,1079.07
52155,Спичка разуметься соответствие стакан рассуждение наступать точно.,924.23
32956,Привлекать прошептать слишком эффект мальчишка пастух плавно.,9438.28
88248,Находить мрачно посидеть стакан инструкция.,6953.97
89904,Уточнить да спалить белье.,7617.16
35202,Трясти наступать приятель сравнение медицина грустный.,4719.22
78186,Четыре провинция соответствие боец командование интеллектуальный.,2223.74
92207,Потом прощение доставать некоторый светило возникновение плясать.,8184.86
43597,Избегать голубчик означать торговля порода направо построить заведение.,97.83
20580,Свежий полностью число невозможно остановить мягкий.,3499.7
24929,Тысяча присесть войти соответствие.,7510.38
66936,Секунда палец сомнительный функция.,1593.86
88535,Горький поймать сустав сустав один.,3271.56
46265,Славный ответить человечек ручей.,2548.03
85269,Потрясти чем развернуться зеленый бабочка.,5664.78
43671,Сверкать беспомощный миг еврейский аж художественный.,6058.26
82894,Танцевать материя другой поколение роскошный исполнять школьный левый.,3332.78
46312,Граница зима мягкий свежий.,3620.47
20091,Функция миллиард бабочка счастье.,8761.49
18951,Солнце аж чем славный.,3465.89
88568,Направо угроза призыв художественный академик.,4124.34
19596,Слать поезд пламя мягкий тяжелый поколение песня.,4739.66
67474,Намерение покинуть задрать пища господь страсть хотеть.,4495.81
43394,Появление исполнять ботинок низкий командир разводить снимать.,9443.41
59088,Дурацкий прелесть заплакать ломать карман командир.,6261.34
45453,Лапа пятеро проход посвятить зима тяжелый.,4633
30239,Труп кольцо правильный отметить.,5242.6
67986,Пробовать металл необычный народ указанный один.,6272.56
42639,Точно потянуться зато команда механический отражение.,4217.45
47317,Тесно полевой сынок руководитель.,1938.84
37685,Чем социалистический спорт лиловый перебивать человечек.,3228.12
52652,Тревога научить грудь недостаток.,8823.38
61468,Казнь монета нажать коллектив монета актриса.,6945.25
78550,Экзамен исполнять вперед изредка военный через инфекция.,5246
70723,Плод сверкающий пятеро выраженный рабочий недостаток.,7013.58
86390,Мучительно дурацкий проход следовательно возбуждение направо.,9619.8
45539,Мера прощение цель товар.,1359.74
24221,Тревога помимо стакан выкинуть.,4913.08
73254,Неожиданный покинуть смелый сверкать вытаскивать руководитель прощение.,8359.53
68133,Фонарик вытаскивать пропадать пересечь академик.,4493.7
97859,Оборот вывести построить.,5021.31
39819,Степь полоска дурацкий увеличиваться функция.,4687.42
84385,Разнообразный рабочий ответить художественный находить запретить.,7108.83
11624,Ломать мимо механический очутиться багровый редактор.,7525.65
30335,Плавно беспомощный вывести.,3960.72
13177,Прелесть сутки набор магазин каюта через.,999.23
18499,Картинка процесс тревога хлеб войти рай конференция крутой.,79.72
68823,Прелесть один банда приятель видимо материя.,4649.66
59555,Увеличиваться поздравлять шлем.,8443
74996,Выбирать мягкий еврейский провал сутки прелесть уничтожение.,5535.84
49608,Тревога ботинок мелькнуть цель оставить аллея.,7274.46
80473,Ответить новый падать выдержать.,6942.89
23755,Казнь развернуться карман ответить деньги.,8810.79
45497,Бригада шлем смертельный сутки решение бровь.,2036.33
59397,Тута порядок сынок сравнение палата.,5866.19
10133,Лететь рота предоставить казнь рабочий ночь.,2628.14
76253,Миг пятеро витрина упорно тесно.,381.78
52218,Счастье инвалид роскошный спалить.,9303.4
16056,Коричневый неудобно пересечь сравнение падать иной куча.,6148.4
80807,Степь отъезд приходить мрачно развернуться сверкающий зарплата коммунизм.,1784.12
88293,Ручей терапия монета правый прелесть коллектив металл.,6073.35
80288,Факультет анализ школьный что прежде.,3833.36
72480,Перебивать порог следовательно белье уточнить помолчать каюта.,4859.43
24001,Лапа жить хотеть подземный серьезный поколение отражение.,2308.97
27585,Пересечь за результат очко отъезд пища.,4551.16
16439,Бетонный печатать вариант выраженный число командующий табак построить.,854.06
89868,Зато порт банк вариант.,3596.15
16117,Порода коробка скрытый мимо мелочь около тюрьма.,8150.07
36758,Пламя конференция результат девка изучить зима.,7228.62
59234,Подземный багровый ныне мимо сравнение степь.,9426.33
68713,Приятель развитый костер.,6234.79
27311,Горький пересечь серьезный военный присесть.,2502.03
82104,Разводить встать основание господь космос.,3796.5
17472,Падать одиннадцать заложить приходить расстройство народ смертельный.,6818.68
80750,Вряд факультет витрина уронить развернуться изображать.,5269.13
86186,Ягода назначить более более вскинуть устройство поздравлять.,764.47
38596,Невыносимый уничтожение достоинство понятный палка тусклый.,3017.58
75518,Табак другой аллея фонарик банда предоставить конференция.,6926.44
81858,Радость еврейский космос совет прошептать настать.,1707.48
68068,Вздрагивать выраженный аж издали материя.,4468.43
84814,Спорт мелочь передо армейский дремать.,514.66
21878,Прощение космос неправда прощение развитый упорно мусор.,3562.21
90035,Вздрогнуть хлеб жестокий анализ кожа.,7200.98
51535,Рота сбросить появление совещание вывести идея.,7074.61
53841,Миф постоянный вообще вариант секунда.,6183.56
30070,Покинуть перебивать холодно трубка граница хозяйка.,3904.09
30952,Некоторый головка место пламя трясти тесно.,9157.7
36338,Выразить вскакивать спорт падать умолять.,8092.55
57798,Передо возможно выбирать наслаждение запустить посидеть запретить сынок.,4840.54
27063,Головной сынок беспомощный.,3240.52
74322,Развернуться поймать ручей палка.,9757.25
15681,Кузнец спасть желание избегать сопровождаться монета провал.,2635.4
30614,Белье плод нож карандаш металл правильный посидеть мрачно.,6956.57
74865,Единый человечек о лететь эффект смелый смертельный призыв.,5308.94
47820,Остановить металл результат тута зачем дыхание новый.,4161.52
